draw,q,seed,averted_total,rel_reduction,factual_total,counter_total,S0_0-4,rho_0-4,averted_0-4,S0_5-9,rho_5-9,averted_5-9,S0_10-19,rho_10-19,averted_10-19,S0_20-29,rho_20-29,averted_20-29,S0_30-49,rho_30-49,averted_30-49,S0_50+,rho_50+,averted_50+
1,0.30533917826030915,43.35911373719995,6469.181468428847,46.62006784203036,7407.206464658959,13876.3879330878,0.4758475206240565,0.02405673145873906,2778.87121361785,0.24720082859201511,0.014794341218137084,574.9189339796112,0.4454140337299677,0.0037061192445671707,508.1199024210452,0.47936725415099435,0.004927267370764038,886.2543624231305,0.30032552131056317,0.0073223502998085565,1566.7615503992774,0.03247010485291622,0.01645768670474702,154.2555055879332
2,0.3112020728096994,42.25928918215699,7543.558658856902,50.66190708032188,7346.442712186977,14890.001371043874,0.40060513716353907,0.036402884783251065,3792.1433474637865,0.26549825800836246,0.013983141111394566,585.7068341182444,0.4338105819044616,0.0038045027285514023,527.1250519609766,0.43146731750825995,0.005542645805164714,940.1554474986249,0.32876705541004875,0.00673987212634683,1555.772992948547,0.02464544560856946,0.01950487250467187,142.65498486672266
3,0.2951363893141788,44.57911787993026,7555.103267615339,50.899244954503295,7288.1488756502995,14843.25214326564,0.36388309737263347,0.04268807623269258,4001.510810629824,0.2268379714661124,0.016061803941761182,565.0113071207746,0.46605961804036156,0.0035402267470289973,488.65573047090373,0.46441158339839717,0.005244732236314227,896.8413909602332,0.3428992850949834,0.006390921185651679,1451.9625031058404,0.028627095129149266,0.019102271979220976,151.12152532776298
4,0.3067504250644825,37.615120303384586,7077.579009086568,49.226151644667524,7300.1019036427815,14377.68091272935,0.4566989629911606,0.02978099418350287,3082.318844248752,0.24469120176753612,0.01596619091421807,597.6112100984169,0.47041136077472856,0.003502414166586552,483.22307420004535,0.3901244255250666,0.007080261163085621,1044.8353835707605,0.26349590587811667,0.009336921352432597,1712.6040784878521,0.02979589869401127,0.019398946841207288,156.98641848074053
5,0.3149367266821825,48.395722612925766,7897.872480191315,52.86085834570865,7042.9981892545575,14940.870669445874,0.3732723960445854,0.04188418315352302,3915.2242863177894,0.28072077974848114,0.013945371369864092,601.7094433926381,0.4318526807081388,0.003882475993201914,536.1358222073635,0.4411943034731226,0.005832696717105469,979.250133211582,0.2569709095721244,0.009235159327408473,1717.3815150290143,0.023087833515105537,0.022504177358634928,148.17128003292868
6,0.31698629371763815,40.953956302416245,10151.980459291524,57.42750760915571,7525.924924282853,17677.90538357438,0.3510638055082791,0.06131143921276685,5956.565943371546,0.30145382566778534,0.01224921266882314,590.2535291184306,0.41404946798046655,0.003937472026071413,561.141482011972,0.4746398146786177,0.005471703541440404,1036.207202177035,0.2885481449530263,0.008639165018619716,1880.0601749556383,0.0186590054085947,0.022168469981921814,127.75212765690318
7,0.3107734652592978,41.371442222714144,6906.73792997224,48.52545148792073,7326.489620092925,14233.227550065165,0.45056534216538857,0.02926399383680114,3127.6682557314825,0.3091794029729579,0.011464236795975689,517.8911343973888,0.4515971087076796,0.0035343877483025943,479.68508212140597,0.34800984227136866,0.007799484992176654,1069.7401072005807,0.3061948314650953,0.007692802378270193,1596.6637107512258,0.01837894977786598,0.02245134547140279,115.08963977015637
8,0.31433851462102186,38.02920462321179,9569.788508307069,56.49365297537157,7369.793204489987,16939.58171279705,0.36503029864726566,0.05949585685543521,5522.573969511791,0.2880716804915997,0.011906764167169523,531.0644672830322,0.4434143298651633,0.0038804749991074037,548.2076532652532,0.3791909190974624,0.007062349685670287,1067.8906753831652,0.28628230614155814,0.008529136749506906,1733.3072053933968,0.027962487669169134,0.020605270908401096,166.74453747042895
9,0.29832328146407927,46.83649571766255,7232.199267570065,49.67842450160862,7325.829373889534,14558.028641459598,0.40586899562578493,0.03577025694846971,3652.811945971311,0.2551652806091747,0.014411844607332823,565.1969305436045,0.45333896963925435,0.0035378459948296344,488.9901617550387,0.47433781098793215,0.0050283996980286,885.6367428409488,0.3220418408305047,0.006795272390463794,1499.475239879758,0.0315400282924743,0.01572900187227685,140.08824657940394
10,0.319952343420568,44.629947116465765,8073.9864819915565,51.22032182600461,7689.261764317558,15763.248246309116,0.42062055970403406,0.0354703669043651,3728.677997309027,0.23122605524658074,0.01996974969295258,765.7825541576215,0.42379675294329927,0.003884616808739455,540.7939225370324,0.4155806123191806,0.006430709761149434,1068.9809318130704,0.29847735520515645,0.008392190380650661,1804.2538061932046,0.02837645316501782,0.0193207943562549,165.4972699816011
11,0.31968339851103,44.27643426596311,12010.373951879223,60.461705003042994,7854.057511432555,19864.431463311776,0.3398038162688092,0.07696134676170116,6815.537783422164,0.23374073627932077,0.020353418554502734,818.6957479481724,0.4160515601589169,0.0041266126280205505,608.8277434939343,0.408740372929242,0.006869778981379757,1163.0464283251276,0.2917651306660833,0.011290470833104275,2425.5869821261276,0.03060615539381619,0.01874130083391483,178.67926656369744
12,0.31511021825603286,72.8760188811787,9293.138741529257,54.369280312719766,7799.489095508915,17092.62783703818,0.4086140212029818,0.04450144511631621,4258.778321167139,0.24592326476832838,0.01944794146998282,790.9245939733503,0.40679208415970824,0.004453027114617016,635.988555439581,0.37765487083534055,0.008523593493302162,1286.8013637765066,0.2929555265841881,0.01054866266327973,2146.4605515133694,0.032083034839396896,0.01823732017117636,174.1853556593113
13,0.3174613462284461,44.33792238579621,10008.828960399778,56.25881361060664,7781.857188219584,17790.68614861936,0.38755633745384876,0.05584014890929867,5163.230274285471,0.2541520770370277,0.014516380653865475,592.6950388683052,0.4356873602944229,0.0040107517177808,572.6594458544483,0.35808994305906633,0.009511077708461463,1361.1645086310293,0.27458570626361506,0.011087665879650228,2137.8048356878526,0.01765543710323355,0.035722650277466406,181.27485707267002
14,0.31397332054627747,66.48980530704686,7169.623720794732,49.3575623637728,7356.26325059479,14525.886971389524,0.44592706880776867,0.029299215423542403,3199.4773926468815,0.2748868220160559,0.013327040572573575,582.0444202589241,0.4043637996164205,0.004398618681026523,603.0205752761326,0.4551382270397447,0.005500590200409962,968.5430870254281,0.2952949159540412,0.007864958308360748,1659.4677417062517,0.023815264536026337,0.022049909188214156,157.0705038811134
15,0.31364898387825374,67.51606995165591,7166.724486436663,49.41437910459295,7336.593406655171,14503.317893091837,0.4821490191997518,0.026551523693325217,2923.2356891748836,0.2591777339767379,0.014404774144315985,598.7122721919085,0.4167628044116916,0.004203342065914708,583.6354476504209,0.34889009034690216,0.00937381632361754,1313.7865345358025,0.3187141034742198,0.00736936207808187,1591.0299055534772,0.014158186838209888,0.03773876664420755,156.32463733017119
16,0.3201009080209961,42.04846220283075,7569.021596755195,50.16466320192536,7519.33166555613,15088.353262311326,0.4357807526183635,0.032368538763477825,3552.3823602707594,0.301186570985676,0.011648434264278834,542.8958554886458,0.4237189538469696,0.004002510109896956,551.5122286261753,0.35696687526635457,0.007553301615017876,1114.174105807469,0.3241526523268344,0.007387050771791713,1685.0331790763523,0.019106615876530945,0.021420323755529023,123.02386748579289
17,0.3163569071042694,39.036264956637645,7835.06091996485,52.07023036473181,7212.041551223157,15047.102471188009,0.3979569552542446,0.03909233586404714,3850.5781900208763,0.2674953731010975,0.013621791855590294,567.0800868825262,0.44373550005523693,0.003683388445543851,509.88599536803184,0.3751167382400762,0.0069338834232089246,1031.8230817061892,0.2891837912984643,0.008339408892298556,1697.2277586818223,0.03355660576828762,0.018450673750936387,178.46580730540313
18,0.3149985936030775,40.21026249324661,7052.40974618832,49.62960788209058,7157.675819958701,14210.085566147025,0.44463677361217985,0.02962720801030681,3237.6973539434075,0.3071154875497003,0.010444027493491994,483.90860020291524,0.43772610525206385,0.003659186950795979,503.3041113377839,0.4056754014539329,0.006416072634537911,1022.4430399138964,0.283479707740038,0.00823885510628825,1679.0308967532144,0.01796365703871109,0.024166952011053597,126.02574403710264
19,0.3159306217468086,69.11029516177247,10615.288972032682,57.978109461301706,7693.843682798021,18309.132654830708,0.3359960492245127,0.06368596358791588,5298.255356063676,0.3029862632530987,0.012959028640970165,625.5477538987607,0.40403379980439963,0.004465697765086629,641.4275123409459,0.3758514805565173,0.009999428794584002,1498.8052512577515,0.2814344077940115,0.012143546585389395,2391.024710133,0.027655342298436535,0.019657166887260154,160.22838833854775
20,0.3158407799561767,40.452316287982235,7631.129823754475,51.48585488842995,7190.668979608436,14821.798803362912,0.39326962189900355,0.0382358371760347,3784.805440449295,0.24185628531828146,0.014481879892906733,556.2858853199382,0.4408930991282152,0.00382002502614835,524.7844978017594,0.4158714621288454,0.005957657702944861,964.0328399997767,0.2956100091697236,0.007911748185165797,1648.9920747570027,0.026010077635309513,0.02020956966695627,152.22908542670208
21,0.31465979636598557,69.10501151952842,9326.854614124431,56.99857260111261,7036.457989150074,16363.31260327451,0.3587621062602405,0.05805733046537507,5269.557655482278,0.290009630723454,0.01179864030997581,543.8526554545964,0.40355055367587295,0.004064938618545205,571.1588568332935,0.4088341929327139,0.006566000460787441,1062.1387631893444,0.3007545107598061,0.008259891875136162,1738.971027693136,0.022516659360547364,0.021038129992473877,141.175655471783
22,0.3054080876358128,43.62095519258066,7525.095920964913,51.51114854317085,7083.578383119422,14608.674304084336,0.382209329851942,0.03860765000728753,3566.7304939959777,0.2774390098463235,0.013440147189093738,558.3037214349781,0.45843268655073655,0.003734206836161695,518.775020908336,0.4135316874336792,0.006627623050934261,1028.8191409065478,0.2698032010431108,0.009133853905550007,1710.6870814901674,0.025126034762751326,0.02063646826963093,141.78046222890612
23,0.3162165084984295,40.30444527978487,9566.8099001938,57.07772921233985,7194.210610281438,16761.020510475242,0.35231351075169265,0.06147414228832032,5540.05213249847,0.24331324184085468,0.014159356858245105,555.7557992094181,0.4387993721114666,0.0038366815766577127,541.5164129619811,0.38136193212401087,0.006839392260820525,1044.8748697578696,0.3027642765371355,0.008099330096189104,1718.6626063765307,0.0280974903460545,0.020170971451682194,165.9480793895336
24,0.3183802626879164,42.5305155082435,9749.162151777682,56.49129870112218,7508.64989350287,17257.812045280556,0.36465071086944584,0.0569036926860134,5121.6311441827875,0.23711958156670698,0.01590345033380381,616.3858284669483,0.4345369039217749,0.003955184441441275,564.3450000284599,0.37489671491524884,0.009414416096949497,1415.6137172265485,0.28190467510146594,0.009288155425855137,1853.7623200583516,0.02596186345971669,0.023385254190042996,177.42414181458693
25,0.3173218232595113,62.659584298468594,7371.655213341267,49.90942073906549,7398.4124495985025,14770.06766293977,0.47409650453151897,0.027089043394572746,2995.0337914150055,0.26511385121565123,0.0135923166920937,577.869172787068,0.4128759922449297,0.00421975847482988,583.915797749124,0.4062036280204693,0.0070739778957312595,1130.4928275179414,0.27729229218385454,0.009819283919946836,1941.3627856888174,0.020361562930786205,0.023769381082882412,142.98083818331122
26,0.31780785358596453,46.35034296633244,8197.959438477592,51.45351887132032,7734.7884440915295,15932.747882569121,0.46475933349463944,0.03099527519402305,3303.442415597458,0.24469421045819453,0.01529879431940434,607.722405080739,0.4343399031654638,0.004075630087172676,575.441834377318,0.35711679193678714,0.009368751200881502,1343.6373783248791,0.2734421878026668,0.011408372664258308,2209.117670196727,0.025099077566487986,0.021741980889430988,158.5977349004705
27,0.30064667694353914,44.238570601221674,7081.322410469636,48.938573910409644,7388.495249998354,14469.817660467992,0.4141670958795616,0.03329392282290837,3499.00245399329,0.3032432547006465,0.011208193530781856,503.7446036999966,0.44945924398447457,0.003735415577048876,515.6889783638106,0.4373706860651776,0.005929954919733204,989.2412465310674,0.3360015971254068,0.006444890470954306,1474.3779129182647,0.01400023220391936,0.024935298212402285,99.26721496320734
28,0.3095476073717129,41.77891230887109,7356.234566815104,50.14101758197838,7314.856929858221,14671.09149667332,0.4280049940224306,0.0337443742874526,3590.5223517671907,0.27654903308846607,0.01311823327309073,563.3116937024241,0.44240769835780963,0.003810496227477261,530.2524358435392,0.3998314156887092,0.005968337674295014,944.5330936391423,0.3213951959404389,0.007168874731549067,1601.848549116681,0.019364459607682315,0.022256475434047934,125.76644274612667
29,0.2922787112009503,48.201865525418455,5923.3103966122535,44.251585340674644,7462.222236876778,13385.532633489034,0.4811082523143621,0.02186986850751981,2542.32860287567,0.3052329688754619,0.011239769813381454,494.91583400288715,0.45730487316759727,0.003605467483876676,490.2589457538844,0.4809629840643289,0.00481153726972543,844.5360624125742,0.33687196651660667,0.0062069180036043595,1410.261181308541,0.02713556982009703,0.018714483194385147,141.0097702586961
30,0.3171047943189262,44.39666955078178,10648.888224696893,58.0407089299551,7698.386336591155,18347.27456128805,0.3563138366025284,0.06232060541658192,5599.495438862541,0.25388280739803243,0.014701791236208541,615.5835994625138,0.42655768533371546,0.004323287748706561,628.8707440634873,0.4018363403236496,0.007022086215220593,1139.042465552422,0.27188134799740876,0.01238974504338915,2458.732598778571,0.03438548116266872,0.020107015883508415,207.16337797735798
31,0.3186113646172173,37.9084618284974,7861.852464296641,51.934715161157314,7276.09994364615,15137.952407942787,0.3913611295975652,0.03987143472853439,3812.7385814428776,0.22722564667928655,0.015588436496459765,563.0133705410593,0.448614612482323,0.003727337125554089,509.10538538919633,0.3663574365230685,0.0072322901490738485,1043.1580131388403,0.29176335438059886,0.008783583650288956,1771.4815130366244,0.03467728217093909,0.01648434228998441,162.3556007480442
32,0.3144832508171819,69.0046666674687,6711.172462570379,48.605612189950975,7096.229934385516,13807.402396955897,0.48001065964560174,0.02330062099526311,2647.624948935705,0.24837400264720427,0.014816285896870495,598.1329180448165,0.40529986881227165,0.004064489737551022,557.6254769467741,0.460906570501489,0.005326558582536894,945.2869678628334,0.2819348425577243,0.008973351874583155,1822.1986722493891,0.026088812069712974,0.018014246344632657,140.3034785308612
33,0.31057973480910867,42.70341860186821,7954.2294007765195,51.515513685102576,7486.225001751844,15440.45440252836,0.4099008574610876,0.0383825893699144,3750.921022421,0.283811068226252,0.01284081572070737,552.0583718371286,0.4508444532556114,0.0037736122897396728,524.0948298999822,0.34611805917616806,0.009424755335840647,1287.3867181438634,0.3004990774456486,0.008468407039832067,1724.5134915774936,0.017415334255886167,0.023696266546281618,115.25496689705187
34,0.30785069375511537,34.63681594223646,7671.529886041836,51.836427450962915,7127.965880326474,14799.495766368309,0.34794519699631055,0.04447118510122013,4073.2208011268062,0.220845571459442,0.014896646719544179,517.4187253446503,0.46369804512238166,0.0035355783334422553,481.7829046793265,0.41991485818855956,0.005558761875250202,889.9131948321947,0.33012183147954416,0.0068533653281091155,1527.9071927841028,0.031744910331283197,0.020347595054248765,181.28706727475466
35,0.3240436101577581,48.008456637669305,8546.702153343233,52.97093216541126,7588.0000388980125,16134.702192241242,0.3922476240351852,0.04129455787326935,4111.375600242279,0.30216873115570764,0.011473900196876309,543.0100096993367,0.4133925956163733,0.0044834417664400515,621.8802670590878,0.3777151920519242,0.0080611092577558,1235.7408941309436,0.2824744872677146,0.009187035318554467,1878.1130069738647,0.031238957753366433,0.016676406521577043,156.58237523772098
36,0.3193927555982136,41.44296479541782,7598.216347659021,49.846371692562464,7645.052298898743,15243.268646557768,0.4587895050118156,0.028636981447674827,3138.787890711691,0.2778377931467569,0.013062494143506699,571.6236608717375,0.43346515932571106,0.0039019512208311818,542.8155354976196,0.36068692080159986,0.009402317078805547,1374.7797055914823,0.2892656596742461,0.008752713918199328,1799.733824031352,0.015550949304329648,0.03732632263046718,170.47573095513846
37,0.29514486891392167,42.97121172665217,7247.910046014757,49.58900930076879,7368.050523099479,14615.960569114237,0.425700519110931,0.03478976708298182,3587.883375040242,0.2818011311367412,0.013016897965500254,542.3567127858746,0.46865929412904406,0.003312501393402837,459.38251882295685,0.4781264671724443,0.005098787249070926,888.8814978033664,0.28903328170135045,0.008233918049913923,1655.1031230612155,0.021821312734170796,0.019142742017659017,114.30281850110339
38,0.3140458377955772,39.8254826590035,7665.932005582009,51.4505768666076,7233.671599362887,14899.603604944894,0.39122738470698737,0.03874494177810758,3835.244818644441,0.2236501131179096,0.015770722973941085,572.3542465170054,0.44364821885186323,0.0038092843409242775,526.0765728356723,0.3841742314259323,0.006740975925939146,1032.0505850432014,0.333865964787569,0.006822390727422843,1557.4940219999112,0.022281358822232512,0.021957632418866294,142.7117605417757
39,0.3124339595946555,37.96791029893557,8081.496462623894,53.132397760291646,7128.614135214735,15210.110597838628,0.3563071087849854,0.045172002967661884,4042.7845541384017,0.2704425445629153,0.013427365114012234,552.2510820825138,0.4541058019520753,0.0037243625533513896,515.6216082561695,0.39096436888472835,0.0071593570932690165,1079.1853680006434,0.27712370164344324,0.008938152758044177,1731.1319479422611,0.03135065623123439,0.018336281454418936,160.52190220390418
40,0.31608562854196526,39.49877642570382,6775.653896708292,48.4028077005394,7222.81895765215,13998.472854360441,0.48463673281175995,0.025796130560504366,2889.505722311141,0.2421900533192763,0.014610313230555788,557.3064529939569,0.4495394708654993,0.0035356823002655542,481.7383226609945,0.35518218524047823,0.007568009479085586,1067.7907042428606,0.2982716007900843,0.008030512869285038,1650.7747570356096,0.019442556517837113,0.02322997283599994,128.53793746372983
41,0.302765435832365,37.754328252507015,7739.189409921805,51.977918371725124,7150.189873361996,14889.3792832838,0.35736070827154476,0.04379397711229554,4088.2237400103363,0.3038925621723658,0.011280785884568241,501.4990944987642,0.4617204976354106,0.0035497623971639247,490.68634468850104,0.4177865175033842,0.0060815277772276995,967.8714613873766,0.3168515443099581,0.007323835634768429,1581.5040086587348,0.017080715844324003,0.02301026489827042,109.40476067809223
42,0.2995048731895793,38.786966430684465,6811.636737110258,47.87463450082872,7416.433739317808,14228.070476428069,0.44471043385711906,0.029530964932249822,3203.175785183616,0.25527396677413117,0.013316846978112154,519.4429525026379,0.4659895799321435,0.0034918307465081544,481.0100122123339,0.45121808266094776,0.0054540898795463425,922.2981201075247,0.32092295203143145,0.007172372507019823,1575.2716595941404,0.01867046796911849,0.02113407157188735,110.43820751000563
43,0.2974010056520646,40.77943819179621,7524.297433552377,50.701894914107775,7315.971251274916,14840.26868482729,0.35606105931897364,0.04193182501385995,3951.2189315631967,0.3034279514414066,0.012164432169626503,535.2318252610178,0.4626694072631641,0.003713551133976434,511.4153792728605,0.47612041706127695,0.004937718571421593,863.11983073098,0.30984044186535564,0.007143543760804659,1524.1024511761918,0.02644355343585987,0.01904969672260826,139.20901554813108
44,0.31504813569775797,45.778879829136386,9161.163559717343,54.84411997978234,7542.839646268102,16704.00320598544,0.3854740693993183,0.0489404245629973,4739.857848537725,0.2936242839602583,0.012825784461303504,595.6769328719231,0.42758995171784936,0.004022890652300117,574.1752089896903,0.3590078732889551,0.008878470010801545,1305.2501273484704,0.3074431106297663,0.00827094681532793,1789.6907564563123,0.024209095555608972,0.021720100720170183,156.51268551322204
45,0.3042151598006059,39.37098787627551,8168.5265253619355,53.572864814568,7078.98087159302,15247.507396954956,0.34750418670226674,0.04946140244008999,4388.753673945702,0.2933823305757361,0.012401832366219789,532.9309570219721,0.46212599891197403,0.0036801713508593614,508.37868141845547,0.4633100311966466,0.005531298069853252,939.992670999705,0.25738075922765213,0.00918036587431294,1687.378336181708,0.020440406594649397,0.019984767466790756,111.09220579439304
46,0.310709750584236,47.05127464929262,6966.944899197581,47.835336005098505,7597.486922615092,14564.431821812674,0.47666316259464286,0.025804931966011916,2968.465042475432,0.3070372160582965,0.011484906517640269,529.5756158918189,0.4328404523505207,0.0038364971489536484,524.2503017382545,0.4574881032817163,0.0055231346271074665,960.4662006830899,0.26822020628462967,0.00925319189369552,1820.160590697722,0.02907724065250874,0.019487015659001343,164.02714771126477
47,0.3127833150688981,40.83146745662997,7080.823884509987,48.53758049239019,7507.509140495521,14588.333025005504,0.44392437659753303,0.030382731246752236,3336.1185239141582,0.28159641374607125,0.012839577819628807,551.8489505293376,0.4411266497525648,0.0037442174754382398,510.15164653289514,0.39139275324903916,0.006708475337852416,1037.19352626712,0.3230508958050349,0.0068595326135220645,1531.483455478257,0.018362392857758425,0.02141129930543177,114.02778178821917
48,0.32338462757828007,47.97520829009586,7180.286768484508,48.81879426927635,7527.751141831835,14708.037910316343,0.4702957679356301,0.025891395450027922,3061.1620211025793,0.29156165821797225,0.01117769883899591,520.3307717972929,0.40551088771400196,0.004125885861979134,568.1634716104535,0.356551403997314,0.008760756616239113,1320.303057871942,0.3388296017689894,0.006400703145436667,1543.1147355846585,0.02772109224430821,0.01932439064467,167.2127105175812
49,0.31569920567615256,69.3742459904578,10487.670352701307,57.24848625364504,7831.888886358134,18319.559239059447,0.3933460089116486,0.05580481238543041,5108.013498320151,0.27564934708279015,0.014791394230748149,673.4183825455276,0.4054072317473667,0.005233203034254809,768.1133498392132,0.35711135386859827,0.010415856885560452,1503.8032573870375,0.27482098243892056,0.011608120519664427,2241.9871313418353,0.03353219829673207,0.019275402739890462,192.33473326754208
50,0.31566222158925,43.56508218480661,7216.465682010011,48.98823103789159,7514.553440579238,14731.019122589247,0.4411336896688892,0.029905662279162786,3396.8969891621387,0.2959719855605102,0.011426279843614521,525.277790323205,0.4192938953349559,0.004062445660255205,558.2825639188902,0.45153260204857054,0.005277427892244279,936.9435861898589,0.30712027888248417,0.007350266242603312,1644.1165188079667,0.026966284429153872,0.01899679523211566,154.94823360795093
51,0.31878520169492686,43.05388972876098,7786.756330019663,52.23730919741888,7119.747181850393,14906.503511870054,0.3971997797189079,0.03789932059931086,3845.779023264715,0.2694695217581464,0.013207879064658241,568.4115382557594,0.42608642996540663,0.0038561850219576226,537.2617652224927,0.3726235532505396,0.006847298611613765,1042.7257013759386,0.3241961208951608,0.007374601170286103,1676.032273405081,0.017121119422352,0.02269661871768914,116.54602849567708
52,0.3146327645276867,48.729286746149704,7950.387216654349,51.72203129932562,7420.987450832869,15371.374667487218,0.39984547017904143,0.03714994558164012,3784.7625917004502,0.2288660619967276,0.01889176627885658,717.3500751697158,0.42255386905291537,0.0039435467991110916,552.0718876519583,0.44537391325620374,0.005643578765724588,989.7324415076079,0.3054636900276205,0.007988707067674659,1751.2927452706874,0.03468708713342275,0.014832208824470446,155.17747535392806
53,0.2978736919894965,44.82949148406462,6404.180713688214,45.55330583291261,7654.471225159973,14058.651938848188,0.47904863123873664,0.024517358395415117,2739.893154046994,0.2955098221325059,0.011622779404744628,494.550933897477,0.46633126177135753,0.0035008190460515468,472.6350317003275,0.4357665260662728,0.005848772537339729,937.6857121787758,0.3075033268634597,0.007703121999803944,1596.9442170513569,0.01468530517634133,0.0407807748371802,162.47166481328316
54,0.30960761687250354,39.803916625651624,7252.25831646626,49.95189769264315,7266.225768142128,14518.484084608388,0.41969490073869675,0.033184112952747195,3406.047144190299,0.31469062946612725,0.011054667037772527,512.4220671394312,0.45118563776690873,0.0036877764676010024,508.62794758800084,0.36349629845547127,0.007072491937043577,1014.8738380372477,0.2997889639545421,0.007970917342703592,1651.285217817817,0.030736132300027055,0.018300918043574997,159.00210169346343
55,0.31325200562873134,36.60340120587011,6892.754363916862,48.79858123504052,7232.1529376245635,14124.907301541423,0.4493230680181204,0.029605296875583723,3196.4148824347963,0.3021572769850676,0.011178064810532242,496.4866446511714,0.453342941621576,0.0034512810668897833,467.19994364169,0.3996039218441109,0.005966187760832856,915.5883949314662,0.27480957908436066,0.0085379756285303,1661.976426889558,0.014368057821138855,0.03860719658323713,155.08807136817958
56,0.304969696356274,41.45637944541801,7100.691636214936,48.36235479462282,7581.578626200885,14682.270262415817,0.4361175381501246,0.031121407607319,3244.3576197516313,0.3087085820109,0.011541546105010977,513.3324179439796,0.460626162233242,0.003585413080977124,486.6047458954026,0.41178324112551046,0.006376761146063365,985.2092879046237,0.27898390501387105,0.008772265996600493,1701.0638527451997,0.031049120879380426,0.019993221426784853,170.12371197409902
57,0.30074070150931964,46.356151161030084,7490.35406736072,50.24777120082999,7416.484362195326,14906.838429556046,0.3980494533400057,0.037969303400819054,3754.522770028627,0.2410961695701076,0.014983149663313006,559.2607897920041,0.45624511555543784,0.0035554967189961604,489.84423107651025,0.4449473608349269,0.0056684482965802165,944.3226300275153,0.3222256839597847,0.007320842737286924,1594.5294156698737,0.02794497866173962,0.01889571066029205,147.8742307661892
58,0.31177773406450315,72.41784646543114,10296.378715672045,57.23924467128796,7691.9416662648955,17988.320381936937,0.3607452524889491,0.0595166177246174,5141.49523897729,0.24009770578081568,0.021768748891527474,861.1758870543629,0.41026728680416263,0.004107144051403631,593.3815531607622,0.41468941315965324,0.00728305963092406,1183.4278742667368,0.2818666335257496,0.011922231623660807,2342.6980547029416,0.02423438515861645,0.024483227807450506,174.20010750995172
59,0.29674893592367013,42.955024358849535,7399.260015210944,50.37032841066682,7290.459604810475,14689.719620021415,0.38669301058908273,0.03922546931469679,3741.4829105048634,0.2426556471349495,0.014801334444076658,545.7861513171921,0.4707982668600095,0.0036667526043460317,506.6944057994791,0.4552212749821773,0.005418483589804514,904.9903751326627,0.3076034844740242,0.00757316739844543,1572.5438272171623,0.02638525808724991,0.017764208247483964,127.76234523958479
60,0.31984795030885604,42.9443429370018,6761.055946221233,48.142413604965604,7282.809826067073,14043.865772288305,0.4773958948502771,0.024309153147594128,2914.441528685623,0.2287284594222036,0.014912192365875798,572.3296772349006,0.41596659287421917,0.003846093208606547,529.2120480212308,0.461778446205081,0.005123074607748954,934.6115358997323,0.3089892774068979,0.007318005607911622,1659.4429389552668,0.02217297937918472,0.0221348044481375,151.01821742448027
61,0.30505468757003523,39.82872194542312,7514.537470022331,52.49442707193039,6800.386778461324,14314.924248483652,0.36349507226219274,0.04313680779714515,3735.7229251399053,0.3027657048500825,0.012167216158607814,525.1539904243025,0.4712370999578753,0.003408521692771117,467.62495271291317,0.3645836346876052,0.007465525246642605,1014.1347167445126,0.26575210728883925,0.0093701855336999,1673.5551594774397,0.018000043070128743,0.02096332162026204,98.34572552325794
62,0.31889204202686094,44.556556408314464,9348.221935405649,57.05541047214668,7036.239867685334,16384.461803090988,0.34464505785973765,0.05910305502121778,5437.598051697518,0.23976992300419273,0.01514574960466075,601.4633489578362,0.42111931369416666,0.003646881043002366,513.9420432257633,0.3842903441982211,0.006722202519736755,1060.8040350700442,0.33734589271733517,0.0066388583366664205,1570.0852429940212,0.026757768940670695,0.020139698903937117,164.329213460468
63,0.3166864729173344,46.2383788129405,10849.244846576059,58.49782265064205,7697.163130639449,18546.40797721551,0.35085006064708835,0.06379067050132352,5552.1916105506125,0.2580542673703851,0.014716228285829263,623.4346031369652,0.42649824574574513,0.004098712320122846,599.5342314971844,0.3851939274376549,0.0095497879156734,1483.8055207145985,0.2726465484842033,0.01242058709811844,2434.1460213600476,0.02383084577671388,0.02214223736627343,156.13285931665158
64,0.29665106445212414,44.1692532428564,6977.187639450836,48.54207201924086,7396.2977706595,14373.485410110334,0.41907657989678077,0.03312620519639066,3497.859020879034,0.26929887068429875,0.013021245803539487,529.304257919489,0.4576212623501283,0.0035348021648004507,486.55801836352174,0.47400386947605283,0.004813846918980459,845.6643149519235,0.33222274866059004,0.006543563545674682,1480.2356414855353,0.028709827307683594,0.017033479480938588,137.56638585133277
65,0.3195468874482658,38.569825236330516,7274.4593451765095,49.58841924602836,7395.2144532258,14669.67379840231,0.4602004503196743,0.029462865195544325,3180.4037510448775,0.2854677445743949,0.012645670389930358,549.1655630321889,0.44388332888213244,0.003736023126838611,509.97784669289246,0.3592445184204104,0.007558074333177774,1073.6493251118702,0.26847941029613615,0.009415247595328925,1792.643431854234,0.016378842017866272,0.036331514616499944,168.61942744044606
66,0.3132447401121224,67.1975956091871,9526.450357179177,56.22746568876933,7416.248803245465,16942.699160424647,0.3710415677692186,0.05453061673279535,5159.460265110589,0.29004793444995297,0.012752937402003577,598.545886384092,0.40045441791300257,0.004342428680020867,618.5919264496216,0.4208075459692494,0.006461473533187499,1089.8088947006763,0.3110084259540456,0.00864184912390904,1902.1019173037412,0.013542831495254443,0.03836769958614366,157.94146723045796
67,0.312880024198132,37.91379546898419,7816.338880073442,51.635016759262015,7321.331969372712,15137.670849446155,0.3942459977372401,0.03906333918558894,3845.7100081781928,0.2729484059993334,0.012815561963295634,538.1302033078371,0.4485957434614068,0.003726489000412803,516.2765629498832,0.4106290524771359,0.006586517532949103,1048.8135311178817,0.28575970564656084,0.008388757936297555,1694.3503519386095,0.013661614489610853,0.04447650119595206,173.05822258103763
68,0.3155544506382526,39.14879271900742,10126.372695051126,56.83170435547408,7691.802582100741,17818.175277151873,0.3510140023806546,0.061729397034757,5865.884695421103,0.31614745848553083,0.011670614475471396,574.9421231780618,0.4258911851944538,0.004062587528015555,579.2504078037792,0.40048647413903676,0.0066458542728298625,1087.0377713658524,0.31215531208925085,0.00815916841719168,1837.3309793539945,0.016165614029632805,0.03715835402596037,181.92671792833536
69,0.3177597065319894,49.16389726689472,7046.154258248464,48.843607644622864,7379.795416712054,14425.949674960522,0.44512043746394225,0.028586211378721468,3103.0054418646837,0.24967806355480357,0.014579388468064391,581.3200659567229,0.42577045812231484,0.003960738826839947,539.7843036045809,0.3858858353399849,0.006667651811557356,1025.2241297381622,0.31777418056575496,0.007409313390287845,1634.4308520733318,0.02559243975946815,0.021474145867519362,162.3894650109827
70,0.32523281541188426,61.06606955240531,12409.421518926853,61.413062178705964,7797.064004977918,20206.485523904765,0.3474774813103726,0.08085261805004014,6505.490552673747,0.22429573120703078,0.020498889030728835,786.5665548406894,0.403221982836271,0.005466263559782181,812.3295579708916,0.34917542754453285,0.01065148343195509,1509.8715127605685,0.2597312306072787,0.014170855757530923,2589.77248024705,0.015529305988332336,0.04480821953379849,205.39086043390645
71,0.3170135201086784,40.824712386703744,7144.70874539386,48.96175892430404,7447.717879719294,14592.426625113156,0.48018149209731953,0.026697239298700583,2972.6404399758185,0.23689031344019984,0.015645152510013385,591.904930113792,0.4450445901915731,0.003698933677497264,507.6225097930277,0.3723939592609772,0.007298890078835962,1075.3600230051857,0.28177524364843753,0.00920946137788702,1830.5719659079236,0.03372635039726887,0.017161662621169558,166.6088765981126
72,0.306058874843832,42.13068269324577,7661.762661368614,50.61405239455045,7475.8568314217855,15137.619492790398,0.4111633716741373,0.03819183709541785,3871.944440924871,0.22489498063177069,0.01613879209379892,577.6860346613131,0.45420707706071556,0.0035782324506984198,493.62396430082674,0.41898297715353183,0.00637920337082092,1026.5694375645226,0.32333427769837236,0.0070233321008373465,1547.0335100542793,0.02922515643480216,0.017418227811949617,144.90527386280286
73,0.29966655534825926,41.436300312266624,7000.647825170175,48.582249925930924,7409.240222096975,14409.888047267152,0.4246993201824047,0.031925197803298486,3291.969877506208,0.25928434565199104,0.014201829653911929,555.600683533794,0.46576269773579865,0.0035517067305506473,488.0641756647302,0.46213953615981773,0.005498054679684878,935.555409425126,0.29771541327645157,0.007897442403416388,1620.5115163331798,0.017527580244631205,0.02258169383268219,108.94616270713648
74,0.3156196853236427,42.411171516287396,7134.348767668773,48.618152852208176,7539.900147867185,14674.248915535958,0.44227767655168254,0.029506857398639723,3205.391287144201,0.25953775976915305,0.013779153207991036,560.2376426618038,0.4370963034829693,0.003973424837268238,541.4757883237609,0.38617267463958727,0.006643070882833542,1018.1941003659459,0.3207217839862294,0.007621946644049877,1690.219495509521,0.01758268244306503,0.0231734403497837,118.83045366353919
75,0.3016129941746777,45.5592225943721,6437.959411472663,46.9336752470771,7279.1837220679,13717.143133540563,0.45184371355707104,0.02667448223933339,2932.185112483202,0.2329454804947063,0.015153531815289153,552.577284749251,0.4525603432427431,0.003590964236816975,488.805156479575,0.46379814523628365,0.005084684237528217,877.3800461717669,0.3321385623492485,0.006654332067149268,1497.328077610383,0.01432509941202102,0.02221409177927618,89.68373397848559
76,0.3142980426914469,67.72048143090493,6936.065449857644,48.88957023183136,7251.1434312334395,14187.20888109109,0.4596828492479511,0.02709350844811266,2973.94869556599,0.23935256417362516,0.0153060766301622,598.3741158590346,0.4094907897840523,0.004132905059882149,566.892375374298,0.38974866523854296,0.006930003183163807,1076.4955775818194,0.33903657515305047,0.0067754984181424135,1564.2014217493572,0.014079682857424725,0.03716806011314972,156.15326372714605
77,0.31837534517975397,64.43479069037214,7522.6263969906095,50.312032305974036,7429.3166118736435,14951.943008864253,0.441144595886639,0.03152014885570166,3449.943547638378,0.24190103815249756,0.0152286435654446,613.40932179602,0.3993801646117389,0.004423707100257709,610.6550945250239,0.4087095936237836,0.006560424874147269,1083.003179207277,0.3298354054521073,0.006884888883522885,1600.0315637401409,0.033191289028675804,0.01615387921198942,165.5836900837703
78,0.3219427905704281,46.53563099546206,6981.540629845547,48.089803998292986,7536.174248121861,14517.71487796741,0.476328186739004,0.02442148945913856,2911.4355852501712,0.2203605938264323,0.0198474601613155,747.2695939729741,0.4092586822511042,0.004213915243644654,581.5952130719328,0.4392245358013531,0.0054838894378311815,969.8620544427782,0.32065958313223447,0.0070541822634486145,1643.2063915937633,0.018123339404596036,0.022719417414336023,128.1717915139274
79,0.3176460810526529,45.58034518675755,8078.966542010333,52.18472991141296,7402.5096594089655,15481.476201419295,0.38172679807949117,0.03982258917663975,4059.708017573031,0.22285828394880677,0.01910399667108628,719.1862533241368,0.414400798762591,0.004074522837803892,568.4124827680125,0.4629717500753657,0.005145664249145643,943.4705192494997,0.3222197588633865,0.006980039887883943,1625.2816899933405,0.02754013141638354,0.0192150016984449,162.90757910231204
80,0.30148618912740643,40.204434145091454,6881.438993333603,47.945008460301985,7471.33560056676,14352.774593900365,0.46344546364861067,0.027623252311082907,2955.3297456331557,0.2913651641144752,0.011743704584983215,499.23796792966954,0.4704450806039182,0.003489768583812384,478.2397862512569,0.4200350480429623,0.0062310985622724005,972.6309235351844,0.26647944786503847,0.009637122095190753,1799.8304920377157,0.032815412040362785,0.019804902307204553,176.1700779466206
81,0.31767782642126424,45.64303855232049,6631.276560292361,47.23664103211051,7407.140260633902,14038.416820926264,0.44461109171659513,0.026056621399416828,3066.1008529922615,0.30826287104697003,0.010239402158557391,482.5889922981662,0.4043376575208177,0.004259871880264301,574.022771440725,0.4712081974200756,0.004713171702220586,865.3803369454212,0.3240161827371818,0.006361514257779764,1497.0812104233469,0.03469882368891151,0.013773668948256606,146.10239619244066
82,0.32413890038654286,41.706437391098184,9535.626894861647,55.70260931462837,7583.188564933062,17118.815459794707,0.3663208265755119,0.05183285341779428,5298.715998749985,0.3163780979175551,0.010596548762352083,536.1174947021312,0.39835397056766736,0.004446350254196548,626.6896143116695,0.47325964296175127,0.005337234464539383,1021.5632753727134,0.2845254827996386,0.008617097597852437,1885.3347138770168,0.014494420305980252,0.036515303477668896,167.205797848131
83,0.314438901784504,42.02965038064426,8047.565624194899,52.00290875618506,7427.656467565009,15475.222091759912,0.38185590419124216,0.04016655445144659,4057.780736133377,0.31693239188582667,0.011147329574837534,534.4636810082719,0.4273377585912621,0.0038506409832124405,532.7605140803919,0.44838456966383666,0.005603681996555627,978.5617430548365,0.2849370131940629,0.008473846317583121,1768.770548220116,0.030584161928449875,0.019355540043354293,175.22840169790578
84,0.315331188176713,42.853508141271305,6846.447091600953,47.57890376869832,7543.222592434857,14389.669684035809,0.4603176556482842,0.026040792783757153,3040.6068858731524,0.2562198754124951,0.014159687840573329,581.9323728340725,0.4221228973485756,0.004001891145192234,547.1439790826639,0.4754677470848105,0.005140353599902488,944.3697748966043,0.30918139693421126,0.007131497732091473,1601.644454052666,0.019803809349097107,0.02194392659734297,130.74962486179442
85,0.322083338060081,46.34181546097185,7572.357423273912,50.218348757894,7506.508390854607,15078.865814128518,0.47412025776476263,0.027306359290686658,3077.3494514862005,0.29887836521653816,0.011802723986535741,550.9527873988736,0.42153851408587706,0.004152878047294162,575.6931713652494,0.3839095098879094,0.007064142384415429,1088.1962271894267,0.26003958339449196,0.01113069889920628,2129.900290426556,0.023079537222660984,0.021978002905199023,150.26549540760618
86,0.3194070294239854,43.759942296511255,9898.238393639216,56.99475950133326,7468.688812023735,17366.927205662952,0.3571099179003215,0.05879607202693424,5641.365466033285,0.2578459928526618,0.013897313089488198,593.9679596204157,0.41471400858494745,0.004043992954907761,575.7403942959794,0.44111862195952467,0.005961823800346846,1063.3990107371121,0.29759285191127977,0.008317490549282096,1829.4706494682946,0.03275040434169105,0.019144551107173613,194.29491348412915
87,0.2998033287001584,42.15880371906562,7354.8418177594385,50.60153303707915,7179.97832765009,14534.820145409529,0.3667079291875341,0.03930915121828273,3630.4590407665537,0.31662176743033343,0.010551292657093338,477.3950257942745,0.46581535894077053,0.0036929340552205757,508.6277721839607,0.3924358687503468,0.006576502431769486,976.5582693705519,0.31015793612758935,0.0077396882019790565,1606.5827812567586,0.030068283646974687,0.018973476789703486,155.2189283873395
88,0.31232115501066743,70.40984556843877,7040.608082051056,48.98760908171274,7331.614228915619,14372.222310966676,0.464658683067552,0.02812701021279898,3040.7707782604075,0.25718831005935733,0.014550069706536854,593.124167538387,0.4156998969014765,0.004171797016129442,570.2430473815634,0.374393579752728,0.007269635753308791,1072.6043627944666,0.32457588583413577,0.007464436468682765,1632.4919530735929,0.019819554746961184,0.022744756549712798,131.37377300263898
89,0.3131406737988501,40.162655225901574,7743.074078464262,51.60972052299881,7260.057114648326,15003.131193112584,0.4080673711096693,0.03701134482799782,3733.769326563666,0.24208546093769404,0.014826597596218691,568.743112386076,0.4447138495375299,0.003649954711722485,504.98143884731843,0.45682151540142324,0.005576599301002807,967.9366647565785,0.2633766283942546,0.009446870299630835,1816.2071043451463,0.028621622341906905,0.01844188646304562,151.43643156547748
90,0.312943423144523,76.37771541452227,9731.674023883827,56.278364885242745,7560.36003525718,17292.034059141006,0.37371983200616965,0.054120004455564974,4899.967451030149,0.2924768439135084,0.013388137432420727,632.0553347787567,0.40090388521114556,0.004884953862729035,701.6006672141066,0.374636784945455,0.0086376450813749,1298.0926204481004,0.3019492463879133,0.009791512117565454,2044.4763017418309,0.023011092612469974,0.022665938083112708,155.4816486708832
91,0.31598882180054283,67.36934596336107,8823.080574558046,53.93190180868938,7536.588338761256,16359.6689133193,0.3866043967942294,0.04555067669443762,4381.804976877147,0.26125972964608124,0.0158408540220825,678.2943718802466,0.40374811866809596,0.004555303480693046,642.14198764639,0.3735153306171772,0.008052210874757453,1223.949787575297,0.33158505672841854,0.007678165830366377,1755.165461995014,0.019410572078796897,0.02408976620393634,141.72398858395107
92,0.3010902479283606,41.81982636684502,6190.580527382883,45.341098953769865,7462.772986820307,13653.353514203189,0.48627696901705875,0.023277426573498294,2672.9418784696463,0.22025192109759056,0.015823250033873814,547.3839292407102,0.46361096069102015,0.003522616395578533,475.77095004528303,0.44232359208897915,0.005484957616931486,905.6374787814082,0.33181315140122036,0.006455391323451841,1441.4587976608216,0.030944616120719717,0.01704998470968685,147.38749318501365
93,0.32102389910110996,42.904284408224754,7709.043308124743,51.391121912334185,7291.686431294557,15000.7297394193,0.4217659268817743,0.03387608180315798,3590.313771178988,0.3068437405975699,0.011372095376566697,540.0574399865619,0.42252384222447764,0.0038506356597061277,533.8991668436811,0.3941481360617354,0.006912442030422305,1096.585266262122,0.2770670478070906,0.008741626150060482,1775.8649838130762,0.03375317596535196,0.01705866741679739,172.32268004031363
94,0.3133057818476096,41.33710028044822,7791.441166070379,52.368663016020975,7086.618951077865,14878.060117148245,0.36856667666549925,0.040891680794851504,3801.9403424466786,0.293571537207188,0.01209921294754926,534.0165496346145,0.44509441927606375,0.0035675089309115423,491.82097489611897,0.37837185729226064,0.006942867479356373,1026.5229393399622,0.2922843433186585,0.008808723937644777,1783.7867084038844,0.02495959302347068,0.021731250571875953,153.35365134911973
95,0.31929114948033244,70.17607362650358,10945.420799446196,58.81080189620378,7665.821432489299,18611.242231935492,0.34862927368667207,0.06552207546632072,5505.853929120585,0.2881424019430679,0.014740000548942506,698.9778008177673,0.39828264068248026,0.005356881329116833,782.9186649211343,0.3477305989420733,0.010266783420321654,1453.4725976136374,0.27953991218235347,0.011763432861246379,2306.3797624245562,0.03407632554115943,0.01939134310034268,197.8180445485163
96,0.31567620154524056,48.13193949227693,6585.034422965811,47.46845752830236,7287.407964781003,13872.442387746816,0.48434567211796065,0.024293260317483967,2834.1822310903563,0.23209137807739372,0.014880158748712609,562.2380222644729,0.4273633577278284,0.0038888815744957633,529.6099119687111,0.4025765667371194,0.006276504617978098,1002.8869504419579,0.329426084369571,0.006716559685668098,1535.2786143776405,0.019102816670102794,0.021291804309858137,120.83869282267258
97,0.3177827569257373,63.189700435217716,7835.852702313343,51.93321656420169,7252.472690792979,15088.325393106323,0.40514820380810607,0.03756931213062512,3868.0490871862276,0.2482862238254439,0.014989242750436766,616.1245503938399,0.3997825716365003,0.004441703156054202,616.5154288350054,0.4199613172399985,0.006174368888559389,1041.1100711111592,0.3317248346456301,0.00658568544885909,1534.1608830648204,0.013843348528788584,0.03766653989112017,159.8926817222912
98,0.318870392726966,44.76683248007596,7350.912906018662,50.02734222114115,7342.877688581877,14693.79059460054,0.4285736828603287,0.031060810922316114,3380.532583509669,0.30852278712290826,0.010767134947068522,512.3681938696134,0.419525946203836,0.0040184554403499065,554.5866729550946,0.3810535874921663,0.007154908828800384,1111.2130928657095,0.3167593402566526,0.007354356173741112,1654.605445788787,0.019802767882763646,0.02306283020747325,137.60691702978872
99,0.31776343702363674,42.0153448666091,6403.136831139702,47.08881230656394,7194.863452777285,13598.000283916988,0.47465711961329565,0.023992791365207364,2823.8444863460913,0.22611137392335673,0.01567765031604729,582.8387069805452,0.42775729250589695,0.0038104983697606937,517.1036033037722,0.4114749836797737,0.005743866191456665,942.4971028310492,0.3410722325318831,0.005959199094140567,1417.416635343399,0.017488769441567808,0.02275516608206163,119.43629633484534
100,0.31775417251317756,62.90141403400144,8173.584793119511,52.33729995373992,7443.546393135818,15617.131186255325,0.40983665321799395,0.03728343488174717,3792.821657112466,0.2659608138651487,0.014185095767883335,609.1081623219847,0.4034795606004083,0.004363399072546138,605.3582031886099,0.47412662271435774,0.005498970302301881,1006.405470156487,0.2646247043237321,0.010252838544047712,1997.3675831422224,0.014517806279738674,0.03750658999247678,162.5237171977418
101,0.3163475112140052,65.35201581256437,7021.283817252771,48.808245692618094,7364.1621614267915,14385.445978679563,0.472038148993554,0.02546831650072521,2848.7335911734995,0.29297988101316735,0.012273026248270856,560.8539885246252,0.4084252660697442,0.004314461301942655,590.1478418272812,0.4140531284674079,0.006395210785835728,1036.3553867043431,0.27981434251203813,0.009128110613025165,1826.8766252299863,0.03191756518230471,0.01674083812064247,158.31638379303513
102,0.31349560040057683,63.25464898046452,9572.662087327652,56.64898287700745,7325.544378463954,16898.206465791605,0.3382586218876634,0.06122917942650245,5290.568750807265,0.2250476112168678,0.02075949094083345,766.2079603916494,0.4136695906269919,0.004097955952998352,574.3399118937529,0.46743336361247567,0.005474421757551522,980.4486921852654,0.28083094527445607,0.008971280720652598,1795.600741917256,0.03449822588269141,0.016299552007282968,165.49603013246238
103,0.3106326968791472,42.106068414916145,10047.159660115589,56.753519197729496,7655.988624154216,17703.148284269813,0.34232459187372183,0.06288933923661656,5906.687787853686,0.2670649740801208,0.013564982180690856,585.8660903225987,0.4275204426060477,0.003991706716517994,569.5946144923245,0.4301351975381549,0.006299000258538136,1091.0812298229719,0.33884951517596074,0.00719243844753726,1728.7695442663223,0.026376949442972822,0.020562072306121677,165.16039335768662
104,0.31901170879611535,45.596884392547366,7799.785609349131,50.83135189786662,7544.653045402617,15344.438654751748,0.4057737900679348,0.03573515494940561,3822.3866316881195,0.30914891759958985,0.011840417645281496,567.9350528088955,0.4117493532411602,0.004016410207069059,554.1641817340926,0.4217625711328442,0.005875029014703949,996.5220115790235,0.3166798875062986,0.007304753198958937,1667.3995840397681,0.01695549517979706,0.03700840557868415,191.3781474992317
105,0.3066087511205432,40.833979468410845,7409.854060307306,50.249270714769885,7336.338182696351,14746.192243003657,0.4238576665145399,0.03434742450879104,3517.2762906570842,0.2810701910263168,0.012909051522430957,551.644635776478,0.455528647123893,0.003624941468198241,504.7942573119024,0.3496660392534362,0.0077890472412883785,1087.071528649297,0.3259282529814124,0.007306673019905377,1605.1180076140524,0.025937405803030167,0.019590363299908188,143.94934029849202
106,0.3144992287044672,40.36394443946391,7748.645174115669,51.63266620653356,7258.608456988047,15007.253631103718,0.42146221381293253,0.03600707007317463,3631.855790016823,0.24410314431793112,0.01457945177948658,565.0824004310807,0.4470648677559378,0.003609069424200638,502.4150960325095,0.37048273417266214,0.007494579336462388,1099.9933939514237,0.2922675051662228,0.008810067498503675,1793.0538539538115,0.027880548597491457,0.01955063403458346,156.24463973002108
107,0.3110641452665022,44.40095360422401,6703.3597386072015,47.98135956709218,7267.398487269906,13970.758225877105,0.4376922044334183,0.02821198400136524,3146.0422276455247,0.2759640602723594,0.012354337572849055,528.4274967085321,0.4304156232656901,0.0037593466823750313,512.9663877161595,0.4383795111103437,0.005385016479577459,919.0584337017862,0.327692851057102,0.006216080414937889,1431.2241183246547,0.03436807826869982,0.01627794482731878,165.641074510544
108,0.3041945643869815,39.04163310151363,7524.434890504073,51.09066594299921,7203.1768006391385,14727.61169114321,0.36915956225063007,0.040687386646604304,3922.4747251990616,0.3113842319413862,0.010826460187431206,493.0417969229584,0.45573766523629655,0.003707828550265921,511.284090630752,0.378015908436684,0.0067385605977578955,1001.4696630176029,0.34451940458793406,0.006392015769251926,1474.1991888965445,0.021347036360432774,0.02022787276549998,121.96542583715399
109,0.29883493044441,41.392715258659074,7297.7387866028,50.09889452673173,7268.927515203276,14566.666301806077,0.39730564157083426,0.038179425849957024,3712.9383053892243,0.2721520092333204,0.013402633833889522,539.0765666733575,0.4714519886862207,0.003285936149572152,450.6761568876796,0.37326548395983183,0.006865238405426364,982.3182894968353,0.3426561321231014,0.006698200917138249,1491.7546797694997,0.022475825454947564,0.019747909089562553,120.97478838620336
110,0.31583742849351787,36.38446123493259,7925.871579820912,52.714305462726024,7109.651529603811,15035.523109424725,0.4013947374527298,0.039906071609869614,3863.103290141452,0.273015337246251,0.01332767754827886,560.7521830833425,0.45135130404603263,0.003679032051499348,512.9817004361477,0.360488078194198,0.0073513530931278255,1047.488827304034,0.2714095340976225,0.009288490627863397,1778.3900209494066,0.028537325505017745,0.02024820106558061,163.15555790652974
111,0.30419405274321665,43.34644432412914,6581.117153106212,46.82225116785574,7474.416250260477,14055.533403366686,0.4604049599396814,0.026202513369569812,2917.2449259098003,0.3048730598346227,0.01110482993322112,495.10388906292815,0.452225154001303,0.003575030184287154,485.4319381637021,0.4036085791913957,0.006405973344410211,993.4661122838944,0.32493255404214283,0.007167627631986859,1579.537541095246,0.0184993626628264,0.021196469150000497,110.33274659064028
112,0.3037140456443391,40.41761543488197,6611.5843559760815,47.09853927249226,7426.185091021515,14037.769446997594,0.4691684718286681,0.026214887007767782,2968.0737100954607,0.2463163040363024,0.014183106133654826,547.1810961802888,0.45645877848437433,0.003626450622999681,499.7586470238992,0.4045762435137593,0.006206448764311666,980.021051545916,0.3401955965294889,0.006313020378522684,1459.7037806598864,0.03302760904007532,0.016525989844744442,156.84607047063045
113,0.30861605357384225,42.107356150991976,6538.88118034224,47.186701761649765,7318.58487730159,13857.466057643831,0.4779075435631144,0.024752954156072433,2845.1244490641357,0.2678646740932834,0.01320070489748607,547.1112200264641,0.4457921099945786,0.003636830272275254,499.1359375135837,0.40870437052002123,0.006082600007299852,971.2707256108898,0.31758591401790326,0.006956544175845106,1535.6176350377077,0.02499885645203751,0.01942317778839548,140.6212130894588
114,0.30333311489151676,48.619115375420016,6711.7115539314655,47.56407242829581,7399.173429791411,14110.884983722875,0.4787750396877518,0.026548637674008356,2908.599048995707,0.2449268895146611,0.014448720661932044,545.658136899919,0.45592572973183215,0.0038347360842345955,525.5246728570697,0.4225032403284483,0.006100764897963076,967.5832652158056,0.29445733928035034,0.008152550461467975,1640.5868002581872,0.02040278062438701,0.021876627514189124,123.75962970477659
115,0.312360835535589,42.51905997275877,8106.117688408411,51.86584954184777,7522.8901462516915,15629.007834660104,0.3901741251237358,0.041017554975424336,4264.863485045128,0.31863723086090245,0.011049229807035557,536.2078207795205,0.42533666271652804,0.003950313954702899,550.3251557687629,0.4093156832696915,0.006474858050880301,1066.9119980936996,0.3319102027501476,0.006506385852922182,1528.4961364651563,0.02707567509670444,0.019545357402818816,159.3130922561443
116,0.31008654630654764,41.12002398215136,9958.747933157065,56.96917675255632,7522.192640045441,17480.9405732025,0.3392953583143141,0.0635475979940592,5877.602573830817,0.26519978591869825,0.013363798153874082,571.1706257128651,0.43189319126682457,0.003887767878322462,555.2364590719903,0.42185181347063877,0.006391214217700386,1084.8008093972312,0.3420807329026875,0.007121123536655539,1710.6686951270603,0.013617370369494454,0.038821802950455044,159.2687700171001
117,0.3156561903115388,69.54234540381535,7985.676819360464,51.4199859338383,7544.620737771452,15530.297557131915,0.4233347830614161,0.03541055833876688,3645.486038756499,0.25837430656412125,0.01534558488547171,647.252437293749,0.4041181187393521,0.004521063341467377,630.0301770743463,0.36303877794407474,0.008252054263444435,1221.5989907846697,0.33761687909155547,0.007274124814204063,1682.1702396118133,0.028111781565526864,0.018688033582850365,159.13893583938656
118,0.3091749967521672,40.97080607028908,7922.364407798403,51.500349245319796,7460.7631319014645,15383.127539699868,0.3745540778417335,0.04137416525304637,4082.9278233341806,0.290961579764372,0.012469002682803123,551.5792949496006,0.4410863257995742,0.003762360118162324,520.0099400209922,0.4314456802518264,0.005499174880016681,920.4241839666353,0.3144103575237043,0.0074456821057581795,1643.9034603959499,0.0313933032110115,0.02229484146081416,203.51970513104402
119,0.29839329442812024,39.254430856526945,7033.129108739706,48.73689131060081,7397.682786745145,14430.811895484854,0.4061886855461384,0.03596349094811759,3666.3399536118286,0.2535322620085231,0.013639890278029277,516.1933158530857,0.47022002802653284,0.0034151634561463934,461.12868066408595,0.47202693900645365,0.004927271547831738,843.9882559481193,0.32289407151030874,0.0066377653754978545,1440.9246154983614,0.016477903419850788,0.023277922754629334,104.55428716422514
120,0.30966251099099845,38.65403135063425,6948.366763040386,48.84883036447576,7275.856644555131,14224.223407595515,0.47954213011290275,0.027910002846437718,2990.533228633678,0.22770858553966666,0.01592649406754617,565.048578989209,0.4665376643391031,0.0034755353861849352,475.8202940363963,0.372490634406336,0.007243607631908606,1032.4243911949711,0.2706119370961809,0.009167217065602208,1711.7917765330048,0.0330394283649436,0.019109475166747943,172.74849365312727
121,0.3042621810520023,42.32042467962248,6510.562531357888,47.00266794449758,7340.911897808113,13851.474429166,0.4651520802440626,0.026060219077853223,2895.6713711080706,0.3123677795838048,0.010481929076697306,473.66379004722666,0.455901086577259,0.00348313330532622,472.72684900533335,0.40890798043967586,0.006312892027391016,982.1029768219634,0.3026203379941338,0.00743546468400524,1548.6898587083479,0.02488727152746536,0.019847146033926913,137.70768566694534
122,0.3090697675519711,40.19267986558888,7918.6721238823175,51.71717998253578,7392.820356095033,15311.49247997735,0.3682028183116356,0.04255740669413224,4020.0409918827327,0.30125818725780124,0.01232815287550477,553.0600420358796,0.44967569018333964,0.0038184633268332213,527.6377839212222,0.3713930390812671,0.006989268599440132,1023.2986437422716,0.32367317387144456,0.007449777610803149,1634.0430837528138,0.015298507840474242,0.037088226466911914,160.5915785473984
123,0.31567694216501535,42.92149650548313,11034.479443121101,58.37083594792121,7869.617549709583,18904.096992830677,0.360769424201861,0.06625791175340183,5844.083998469113,0.25290732303368096,0.015833366436612477,653.1591175636814,0.43477485060647714,0.003983648043615448,581.2938936928402,0.37556979295329385,0.009593598554097173,1447.4826627548275,0.2730287679510003,0.01186068914766553,2307.4814286145593,0.019084461103649898,0.036124403545741895,200.9783420260786
124,0.3013898923789104,44.45916212035754,6514.294967516309,46.58519494825015,7469.3214469965205,13983.61641451283,0.4530596064941965,0.026214905686799534,2864.718905994299,0.25915606906710853,0.013553833939196317,531.5417534477489,0.4570990308302965,0.0036085718616192704,489.8099110641272,0.4615603076463955,0.005387302913039388,918.589037996591,0.30758661874886173,0.007409174620884226,1567.807514808514,0.028164247383592737,0.01805562374574843,141.82784420502836
125,0.2992681169971518,44.929668008410985,6396.939043472383,46.21988769418889,7443.291564177176,13840.230607649557,0.4452520360033751,0.026948351525095397,2947.12103047305,0.23006246947625852,0.014790821422816432,527.9803722918314,0.4571930868306764,0.00354653850505412,478.6047813101369,0.47795256940345976,0.005046716576727091,882.2838707329007,0.335084338819843,0.006264685481743376,1414.113735670872,0.029877056780283472,0.017607247261727122,146.83525299359206
126,0.3085057459232797,41.505020410873136,7940.308312329805,51.52979705245119,7468.850594792452,15409.158907122257,0.3902968967900151,0.04046221455230416,4003.576857535037,0.23996351125123783,0.01567303297186499,595.0730510209528,0.44699134010387637,0.003836514522111909,531.4547788675978,0.46086751031818046,0.005247598705956635,916.5714471688209,0.2919298403975014,0.008365081278607859,1734.554234540613,0.030516993434658708,0.018151827945806987,159.077943196783
127,0.296649234207105,46.41451747782939,6294.371062050709,46.31027247765571,7297.367283016654,13591.738345067364,0.4733067738798189,0.02525469532275702,2737.02629134484,0.3116067872258831,0.011890664391556323,523.066779512165,0.47041505566389785,0.0033339492660211466,451.3495313039402,0.4146034371211838,0.006085715405709097,926.7937122608993,0.2945111146003561,0.007879465218813365,1556.1133810287558,0.01714824407858016,0.021888761944021357,100.02136660010915
128,0.31098188461180226,37.8232582797732,7866.983125835318,52.12983275833918,7224.151277577552,15091.134403412874,0.3841973895610324,0.04060819889026014,3952.4105607785286,0.2400273602217289,0.015070798230731054,571.3750866862827,0.450412884470448,0.0036986110514414497,512.670127792025,0.46147083760267466,0.005020561229531949,877.0611484280076,0.2713482912209789,0.008932580955628894,1757.0228507663799,0.03284802806898892,0.020922846005550107,196.4433513840944
129,0.32110171482532635,44.82673018978573,9074.203343172005,54.82472033052403,7477.095575392442,16551.298918564444,0.36677204130446,0.05048004879777688,5101.136925792001,0.3062091708108226,0.011105448573578236,539.5035145007457,0.4051327333264861,0.00424935741556629,594.1276687024806,0.3890854391983923,0.006792129589970022,1104.4522339616572,0.3429616454165311,0.0064577461513367785,1587.9606710545472,0.02882336177582486,0.016264177296107626,147.02232916057255
130,0.3140804757065715,37.23554817658084,6958.474228739415,49.04670358775037,7228.971042255972,14187.445270995388,0.4449599315158231,0.028136503146959244,2938.360852166196,0.273525022716271,0.013657431713342707,565.9733938505609,0.4554387181510875,0.003550258212416295,485.69230854610265,0.3752971644519882,0.007079803467266634,1030.1907760474562,0.27344727147101555,0.009364726473744707,1791.3821458063644,0.01382889586637367,0.03819301233511996,146.87475232273405
131,0.31608270349717343,69.89590062461556,7595.52100388361,50.80923280053812,7353.5750269526725,14949.096030836281,0.43592060409595706,0.03203400160341968,3308.4984812230255,0.23127368360018902,0.01933168969536118,738.3460115626735,0.4079746398710405,0.004377918091645625,607.715527488979,0.40445176861240456,0.006594908175040489,1052.8274212698784,0.30612038085763543,0.0082911759503114,1760.2046485528892,0.01902184537330772,0.022606850903428545,127.92891378616461
132,0.32044235860750453,46.3923465382935,9975.097302494854,57.094643389770994,7496.064106461385,17471.16140895624,0.37001572516763703,0.056127992641034456,5339.186147394683,0.2663487030678258,0.013912729155893503,608.3598330564635,0.4154781756486021,0.004134114566380044,591.2361156124808,0.4400749576934243,0.0060864207571394305,1071.6810779495572,0.26327054335075006,0.011207542059302042,2209.8345228774547,0.023527622094936855,0.021664304804321653,154.79960560421546
133,0.312822485606828,40.86431053655686,7268.2887017116445,49.6051852311658,7383.9874017654265,14652.276103477072,0.4154726835910211,0.03263761364230517,3480.8371015133207,0.2593520387322887,0.013888737736893014,565.6953113987123,0.4351423439652297,0.003686438830309584,504.4855163367339,0.4736638637354129,0.004999061625199736,901.3666425195113,0.29449049332414523,0.0078056876438387,1662.0640291593961,0.026595659671660055,0.019737100882937314,153.8401007839695
134,0.315467210082325,67.71569734590395,9139.357848190104,55.35560363575976,7370.908950320735,16510.266798510842,0.37738760224494317,0.051288195433419594,4855.527493224861,0.29435013930151316,0.01327089354881049,622.5904347634997,0.40249639108651536,0.004381436334538046,616.7219288182337,0.4134915961536133,0.006684917384020761,1097.4647576041186,0.2892148053901548,0.00864915102629208,1781.6396255258696,0.03292879305783241,0.016711197790874367,165.41360825352132
135,0.31005270997403145,41.08335382945896,9694.470785240268,56.39651223024417,7495.370220639069,17189.841005879338,0.3432945595748563,0.06007683845892023,5521.396660774027,0.30725575896270657,0.011404361608837087,540.0931518707667,0.43540692971573186,0.0039327933641802775,559.6327661820194,0.42859525436885176,0.006815484271068724,1154.1456257473014,0.29525171603217615,0.008224435079968785,1751.7318718560505,0.032623113716856875,0.017367063037974067,167.47070881010194
136,0.3104239876372574,41.702094177677466,6610.278767158869,47.92429599741395,7182.88945698274,13793.16822414161,0.4538189163973473,0.02633257773239849,2956.23391265438,0.2465046113461669,0.013832767497587812,539.6953380085715,0.43942328270542896,0.003726707225179647,509.7414111301654,0.48024670746514886,0.004769419951190509,864.0175005247131,0.2944249738503645,0.0077032318558039785,1630.8136255613774,0.016240727296248283,0.023280720184159893,109.7769792796614
137,0.32321740012201955,44.092001375628556,8618.872807744012,52.86254605544604,7685.436104475084,16304.308912219094,0.43821125158332136,0.03407861818691486,3583.9054554176014,0.28258122530346097,0.013365981839829379,609.4977600465178,0.42153628175888574,0.003989571931618298,567.2260067256749,0.37152569901217025,0.009762401739529332,1479.9273874456803,0.25831927109495656,0.011606057635131138,2214.1758055735418,0.02606087252445734,0.02103903200591494,164.1403925349961
138,0.30350763588322566,37.65832296806044,7636.553159943122,51.47846301690478,7197.90908387987,14834.462243822993,0.394780357937789,0.039385285710344387,3738.260679792197,0.24239616690019286,0.014765630239363604,548.017600683601,0.4710173576795693,0.003564520674144687,495.1103913267307,0.4258547806045449,0.005971488405549878,949.9608531225304,0.27534335151127903,0.009202112821507288,1759.3772955294075,0.028579823194953412,0.01870251005430401,145.82633948865535
139,0.3221998242421189,43.97987932981405,6531.263165610378,46.654334753141164,7468.0001400798565,13999.263305690236,0.48571815734909096,0.022984947119486118,2836.0767805009946,0.3076170363674395,0.010210338521757407,481.7505554862185,0.40766159745805497,0.004181170961921537,562.8619862942907,0.43123132968799865,0.005623648715676404,968.3349904123774,0.31021473800383187,0.00675697615822761,1534.6201347047565,0.034369362735311215,0.01399506270084355,147.6187182117401
140,0.3006252633692236,39.653707166107885,7500.234659838766,50.967532139885,7215.476195561678,14715.71085540044,0.39739957300016987,0.03895696027291828,3807.723528408369,0.241255919717653,0.014831257800191122,553.6196386410545,0.4679734413575546,0.003424022481375349,476.4144464817818,0.4031644636172714,0.00625964359377041,966.521556914029,0.3307528001297092,0.007137453233520344,1576.1511321330336,0.020671400329761596,0.020834753821069276,119.80435726049723
141,0.30681993405460684,42.64557090422408,6460.640781189837,47.17709597155089,7233.8027790619035,13694.443560251746,0.4525041792416175,0.026035329005514397,2843.0898100821532,0.27497804783972835,0.013161752588813677,543.3618564807032,0.45135119518257494,0.003654697485046727,494.9674013303827,0.45954434014449935,0.005160209240513474,880.6459564741567,0.2847472871212233,0.007942906061069942,1595.1824692507548,0.015707271567204365,0.023525817193107118,103.39328757168714
142,0.3125821354481155,39.3825008649885,9638.39686774497,56.173188803539446,7519.961190677486,17158.358058422455,0.3477494796522995,0.06021304240050909,5655.8637294276905,0.3054276563142797,0.011427674961197176,537.6101750934121,0.43430894973512757,0.00390403235683438,550.4752905734724,0.3702518240461122,0.0071545709834450934,1086.3312444300052,0.3393074275529999,0.00697045293839439,1645.9704071753615,0.0275711786357302,0.019715744539203744,162.14602104502808
143,0.31829833931969254,42.2965335851358,8008.689062526497,51.987389317912495,7396.371987090529,15405.061049617021,0.40996244346157207,0.03837575101997823,3875.3448356897356,0.23972045088972174,0.015373261954033242,592.7611663148356,0.4345279816371628,0.003847749090708427,532.2862182374882,0.4312000089182448,0.006267757664534892,1048.9017370844008,0.27211708101368387,0.009133031310179986,1796.3391491206762,0.015417372656281944,0.03637086082897738,163.0559560793594
144,0.31823363385569425,46.46718099972814,7028.108399224507,48.22103666869035,7546.668264147842,14574.776663372353,0.47505486063873636,0.025082322018460848,2938.6044757492805,0.2867318030858349,0.012697220784245546,569.4674377760156,0.4175183511395496,0.004213803432826792,576.0138485240502,0.48023420607360345,0.0049186641693583335,907.2757812375842,0.25602239329947535,0.009547595809570956,1863.692089574461,0.03201015701722986,0.01807309168404186,173.05476636311593
145,0.3216042222965262,42.9603753534405,10781.67238668137,58.66073664181399,7598.036092799401,18379.70847948077,0.345234419439549,0.06566784948039425,6004.680950420408,0.306224804399996,0.012118646120872791,596.5082358797042,0.41440052585483933,0.004362441972162537,629.2818818971589,0.40547951019662964,0.006815726459626817,1132.6749149573313,0.26955521464059157,0.011026290184478663,2227.3703999945415,0.0338862730513623,0.018388116607077502,191.15600353222524
146,0.3160875471612399,39.168132064789006,7987.803956435337,53.042938898541216,7071.323841355328,15059.127797790663,0.37891273406372156,0.0441720866540754,4051.517121307008,0.22396474447938772,0.0156679961290298,553.9124885843569,0.45223835237343074,0.0037469966333681863,514.0343623353384,0.3884049054227484,0.006906952019216414,1030.7093924974806,0.27508375792938555,0.008881063694247314,1694.1133186026834,0.02540518094803152,0.020289154454071156,143.51727310846925
147,0.31779276051538363,47.38950594023466,7688.183159470073,51.28125575412163,7304.006572256908,14992.18973172698,0.4053924154118416,0.03635930380126251,3723.1842483376895,0.30257840291709004,0.01179059481210374,548.787420904002,0.4229840155193865,0.004009006809090329,552.9694006637424,0.3556347535868034,0.007533888652461594,1093.2302250100638,0.32356917825844084,0.0072989915203831406,1637.0482934162708,0.020378729987474805,0.0220138420869694,132.963571138305
148,0.3113839145038103,38.44429890576811,7849.178489174302,51.38920952793602,7424.803269403556,15273.981758577856,0.3779838260037922,0.03912557928733331,3925.127855031315,0.3063227033111993,0.011432217478298796,528.7150887473782,0.43845883072678266,0.00373633040006461,517.2784165717464,0.4470032408619883,0.005787357065265903,1002.1773737851692,0.29654522294399016,0.007988871894606528,1708.7952444913942,0.0278677644697281,0.020488257505514116,167.08451054729804
149,0.316521907661459,41.62017897694905,7326.376964772768,49.8403888337285,7373.301621632615,14699.678586405384,0.43220319061025314,0.03132637549842952,3373.47205206239,0.2683142832439905,0.013889405358930134,589.8790353516677,0.432540645771804,0.0039681379846389486,549.5639187829379,0.39575160861727327,0.006556375378862027,1039.5451733633336,0.30747167598132563,0.0074657281231127635,1630.0548286577387,0.026320220947314177,0.018388671379137012,143.86195655469984
150,0.3050492965733915,43.752242454256155,6694.497719134563,47.87709934273717,7288.174186719109,13982.671905853673,0.477315746547173,0.02585940095647099,2854.666451827183,0.2609422707608965,0.013791052599854746,550.174894745753,0.45775620967749553,0.0034498420986487878,474.4758641875119,0.40875055885058764,0.006259266104282796,974.6372109407356,0.2883828194968522,0.008396446179822239,1680.329121604481,0.032799115920314134,0.017459615878380574,160.21417582889907
151,0.31907409938668757,66.63695888794963,7467.4183230704775,50.102794550656455,7436.776922008197,14904.195245078678,0.47910785999315075,0.025842048466271396,2912.2141612324094,0.30418569401138035,0.0118689329118924,573.1665798428778,0.4012272239280208,0.004446823413768105,619.7366697480685,0.38373859555996637,0.007960773826729356,1231.0338392344215,0.2782739888666987,0.009758301690417423,1955.1696789035798,0.02696089791180902,0.021653846539107013,176.09739410912024
152,0.3137307508336002,40.922720387865375,7611.381208664728,50.763297504695984,7382.485586455541,14993.866795120268,0.40877038094327767,0.0357260773430724,3687.4279164785917,0.22930357804620258,0.01587670920000804,594.3267258072385,0.43903950951553167,0.003833488512764362,532.384976090379,0.38620913313988325,0.006855738800403486,1065.4624618029525,0.3374122923454462,0.0067384775121973745,1569.4364657341462,0.02899757721404138,0.018887245672792593,162.3426627514187
153,0.31081657248311545,71.15402159926343,8408.940430936898,52.400986859843115,7638.3535893613935,16047.294020298294,0.4352012286267639,0.036415505562824003,3598.375201086539,0.2239168428781682,0.020192647935026616,740.1598868802857,0.4191922854956161,0.004314147296346541,610.1529490834405,0.4223385850591065,0.006785874988410712,1101.419483227306,0.2725470045982701,0.011505413826674667,2182.190634956406,0.01725044428900134,0.03562914343910748,176.64227570292093
154,0.30935402864996153,42.11422751369725,7614.741139170743,50.87525680596855,7352.733458967117,14967.474598137856,0.4041407278008423,0.03703602996599849,3855.1396595265905,0.2606815689645164,0.013875411142974603,570.2090878427734,0.43795980981967797,0.0038246949537989344,530.5848336090364,0.4542530962254932,0.004998668089864507,876.9113145814956,0.3112213336177035,0.0074163353082969865,1640.3542667623271,0.030566913909683687,0.01574247684987759,141.54197684851954
155,0.32138920350489686,45.42000085243461,9420.218533379306,55.737043283083544,7480.962402133985,16901.18093551329,0.373803054252122,0.052527426330075316,5255.047351749557,0.2576291767990643,0.014278085666196712,613.261615459206,0.40815677491908714,0.004222581894252655,597.5332136415636,0.44019990259919634,0.005781111308099953,1034.412862302186,0.30441360935885836,0.007833652492820541,1762.061482483164,0.027568476174636272,0.018301267591557906,157.90200774362847
156,0.31499667494536154,64.64862840625997,9257.439146383127,55.96195080654391,7284.941905316388,16542.38105169952,0.36749819006096834,0.05472883505740835,5141.04700818637,0.27660784608307964,0.013713316994103155,614.0457724409468,0.40416162875899264,0.004349599341464055,613.8768836991974,0.39584879226803116,0.006750192375400307,1078.3913560538022,0.3239395586078017,0.00739475935415539,1671.005557326951,0.021598181486823312,0.021224133507220896,139.07256867585923
157,0.3192495980282323,41.444002429843906,6772.76832851563,47.98597859717604,7341.288582505052,14114.05691102068,0.46297305132441335,0.025762711833696942,2989.6483560364654,0.30854302001232675,0.010421663140340829,489.05752528126595,0.42418699665496457,0.003785586030217756,515.4426111135682,0.35353823094064374,0.007251856152928659,1062.966002582247,0.3349615871007176,0.006635067902028872,1556.019910879184,0.030504702456591565,0.0173888150865473,159.6339226228992
158,0.3144430130164805,40.33708130212933,9600.216868877147,56.298697133956495,7452.072717921809,17052.289586798957,0.3764884103582998,0.05615890607061717,4981.644232632399,0.2545957830797756,0.015504981785473295,616.64729703261,0.45038838682470705,0.003752484774697433,531.8963228153174,0.362732595454532,0.00795267412607191,1122.1773995310239,0.2552788758412091,0.012228699467911061,2188.154013837965,0.02518623304741808,0.022902628099655896,159.69760302783223
159,0.3082737702573259,40.39541845090285,6635.534537356808,47.89433382314347,7218.994814402102,13854.52935175891,0.48500206480914454,0.025327694358985915,2713.8611825583066,0.24775147829988797,0.014567054313461374,544.2474300386668,0.4688676564770837,0.0034046428538764555,460.9862382698777,0.3651867873694991,0.007339992449568834,1014.1960676909368,0.26784762021575204,0.009588091360291165,1752.0464037984375,0.03138972639482236,0.01782148265353893,150.1972150005831
160,0.3101556847053681,38.82078913861324,6700.881584274458,48.555630715053454,7099.539676028557,13800.421260303016,0.4830433897727797,0.025964879457959583,2810.906506318582,0.2562132113433253,0.014103928499570244,551.846000202649,0.4634252736521939,0.003588916167623831,493.03414048260447,0.3588509283883127,0.007349895061121955,1019.7417905894018,0.2734564270273422,0.009025420258916485,1699.754475583807,0.02019888621231351,0.022696285885693612,125.59867109741329
161,0.31661202351433143,38.821816952977215,9300.47442283281,56.878032150030435,7051.136333144849,16351.610755977665,0.34077752146238866,0.062260443149141864,5256.41362475071,0.25920845995666775,0.014469338736490901,578.2637963578035,0.44904315450236354,0.003768730530136348,524.6533925236137,0.3742605945225108,0.007340564089239898,1064.2109657603087,0.2671162125926003,0.009382115007343138,1746.4444279272238,0.019918451536802124,0.023614184389132934,130.48821551315098
162,0.3140395441936249,70.20024676842772,7214.709366751931,49.255117995877065,7432.92454482624,14647.633911578172,0.47713684439159854,0.027271877835456402,2988.1698662703425,0.2417927656795574,0.015721625690957974,616.3188631055165,0.4147128514979086,0.004288286292446345,590.71952103935,0.3471847524687737,0.009278765279744128,1296.524812892125,0.33134822238480194,0.007167085844906858,1595.3618817029776,0.022713845309620735,0.019094762025124702,127.61442174162045
163,0.3197828068468066,41.0136697250635,6979.829541546189,48.94311985093385,7281.275109740176,14261.104651286369,0.44238147898879737,0.027692430835904742,3095.7004329508227,0.22603726230890364,0.015748475996057575,589.5092089774914,0.42452348801531203,0.0038789599231179345,531.5836773983214,0.46204130508814883,0.005272234878503191,949.0825371652336,0.2959073298968823,0.007721146796251965,1670.529382606649,0.021399112950090227,0.022260347968841666,143.42430244767115
164,0.30434625813258775,43.425404448164215,7677.3789772712535,51.631967349548034,7192.050508720351,14869.429485991604,0.3642917960820516,0.041820297475049104,3954.17637618335,0.2601372349453181,0.013094444587094979,521.4981027694283,0.45102170557485344,0.0035098082217447676,483.1908906600776,0.4420569540751816,0.005941753444144194,992.9382811266614,0.324566340380624,0.0073692087824179875,1627.1194768823757,0.016715834996060618,0.020864987223451422,98.45584964936099
165,0.31432411263164056,40.71202327540258,7589.832117856302,50.720122471026606,7374.311792071997,14964.143909928298,0.4140174155961027,0.03550170627674242,3668.440547645847,0.29531749940782137,0.012304821289244426,553.3389533507624,0.43936426305317045,0.0038293905110016093,528.5257126990685,0.3941653866692692,0.006823316269091343,1061.2465404730256,0.29482895273488224,0.007903348220266771,1648.0544601529318,0.02326055661524614,0.019311428000741634,130.22590353466717
166,0.31964287924253826,45.10811846940092,6957.682850883411,48.49243431534628,7390.293176959617,14347.97602784303,0.4346503611678909,0.02782803898770075,3208.2735881221133,0.29859245079976904,0.011244914030961733,525.7521066182265,0.4033061379918031,0.004185963694051301,570.7377573532699,0.4660936486656682,0.004935162020635431,908.061491490581,0.3210200805914417,0.006918111766123011,1623.0131169275323,0.017227072998012308,0.02292775692431155,121.84479037168822
167,0.31850440199422875,70.19630421956218,11786.211774955007,59.70748363208565,7953.71203020989,19739.923805164894,0.34246429710718296,0.07195890440924349,5772.535922785192,0.2273923157739751,0.023957778960314736,931.9353711471751,0.40140033006323106,0.005242836580791364,781.6710721795716,0.34647154850043627,0.012722591142355938,1797.1705975663592,0.29269304363150184,0.011195092491217093,2257.5894887388076,0.02163829815989985,0.037928426833998594,245.30932253790212
168,0.31266932350727067,43.3368523828535,6644.829657088175,46.964096295796914,7503.914130584491,14148.743787672667,0.4539029092558031,0.02628195598983605,3075.132129723031,0.3076116225840435,0.010657194992638936,492.82964276694474,0.4221827245597022,0.003735158662992395,504.7274998040251,0.4415573069383446,0.005570525886557348,960.7490503721764,0.34019994414790555,0.006243803736004068,1490.8333186780096,0.018302116391169108,0.022123378655371957,120.55801574398824
169,0.3160144323140634,44.268785175362744,8165.812594857837,52.11943079629731,7501.6888918198665,15667.501486677704,0.378801259686286,0.04073940613267885,4195.17439818569,0.2845736670437129,0.01230136343494992,555.4249343964694,0.41465303978834855,0.003839231353995108,533.1459311091947,0.4393933833226273,0.005940685254303188,1043.9603622511847,0.3373141179982299,0.0069891553104402555,1680.1993995683827,0.013555004034328673,0.03811283250666804,157.90756934691603
170,0.3026957758369635,45.91397456764679,6853.6810562095225,48.37177684485508,7315.079124322267,14168.760180531788,0.4462675874419948,0.02915589260941126,3044.25719809026,0.26335135518127023,0.013198388953700473,519.7291274818223,0.45988354839878576,0.0036511257993472623,496.8764949172037,0.46894065975354443,0.005372586277232358,914.1603712168538,0.26349823975409625,0.009559988464543073,1774.4889899778514,0.015987419525748624,0.023990149585752938,104.16887452553102
171,0.31847853358113787,47.309507196224715,8357.266172566066,51.31042111476382,7930.392340065755,16287.658512631822,0.4401570965912276,0.032270971007500523,3429.100462508105,0.30037098518716343,0.012242308523406208,577.903925163401,0.4229484100894813,0.00431106878106637,607.635980587782,0.38636623489432764,0.009156332948346745,1422.1111624008915,0.2677123210066061,0.011004428176153084,2150.807200614704,0.025650321703161644,0.02229349285708374,169.70744129118114
172,0.3185952325822801,43.65698974495953,10260.712198709936,57.19852184885254,7678.059411199734,17938.771609909665,0.3522195221242443,0.059776648679798025,5526.466856032067,0.28724322911460365,0.01203723669735844,553.6191744662199,0.4210546098925349,0.004236827326567292,604.6039769915172,0.42927982918279056,0.006650773824823522,1142.1003783193016,0.2683671555110521,0.011300924890982294,2257.469053388917,0.03327355667264896,0.01758044936704827,176.4527595119118
173,0.2982780487894125,42.202938691613404,7732.876314979573,52.39146904368516,7026.924194778476,14759.800509758048,0.3443371220571176,0.0463103632449096,4154.866044314037,0.24150967659375153,0.014150556367662317,522.9788748940038,0.46479943233484367,0.003423040003020392,473.3542734005303,0.4686307767614248,0.005357275835938673,923.3746617835668,0.3188688938210004,0.007069564823696565,1523.628514347452,0.02259250332001849,0.021624362543021216,134.67394623998263
174,0.30274477118409776,41.98950038857405,7587.679092160009,51.806299722471245,7058.568821332282,14646.247913492292,0.375782294476197,0.04239224458378677,3990.5755055799978,0.2226473232762647,0.014976482452059502,524.556522679467,0.46172898267763296,0.0035429461854984785,489.7452063646042,0.4224975800999374,0.005934149955922317,949.6094941598109,0.3269395663869926,0.006826461815900559,1495.1906445031316,0.023123938807611436,0.021393246076703367,138.00171887299715
175,0.3176462830267647,68.72749780903627,8536.535145768861,52.45237671906533,7738.29486144035,16274.830007209208,0.44758080077560397,0.03475430282118339,3579.999410366449,0.27511220617990106,0.01404959105087818,622.2740126987644,0.4085442843082781,0.0044882752718102,632.1894704233194,0.3715439725131491,0.009138941987631738,1351.879182356656,0.2740092291419234,0.011330691210828848,2184.552835670366,0.02460787580514183,0.022874950451267147,165.6402342533056
176,0.3225052790821378,45.05983547704852,7233.6261952605055,48.895788688813596,7560.339479978554,14793.965675239058,0.48042815983864784,0.02407839105006366,2876.6190632985995,0.3050364201686402,0.011152190001332475,535.3753532138552,0.40932134802759623,0.004319526960092229,596.8428442585389,0.4534214141563692,0.005710166721292341,1028.2244815398738,0.2616741096813185,0.010280590707927386,2062.4095088136505,0.02055564081978809,0.02130160523654498,134.15494413598782
177,0.3215314284836523,38.368472673624666,8085.651077258278,53.036803531464265,7159.707878926624,15245.358956184904,0.3883396929708955,0.04028063380987118,3990.9436232463163,0.3149803538000119,0.010891645068367517,523.4843344846115,0.43000538144409334,0.0038549995213768336,536.1887256908794,0.3791787070727114,0.0073580483108406,1123.3379771008563,0.27424050565196956,0.008799842422282824,1755.584734062206,0.022539670417759568,0.023542717890581738,156.11168267340742
178,0.31566265645805736,33.18650518771433,7787.424973485945,51.589348851735956,7307.599768668562,15095.024742154508,0.3814732739407108,0.03857107575140803,3949.641181247068,0.2936964728923299,0.011952576164843614,540.0432363574587,0.4387792198186952,0.003736366621925585,517.8342770236019,0.43939884758448533,0.0056467949095218685,977.0749818583652,0.3026660051585298,0.007656401686386737,1683.475283659195,0.018614258819326598,0.021606282280145675,119.35601334025567
179,0.3164320849278957,45.20353907933696,7862.657543851375,50.11170385807405,7827.6042882346555,15690.26183208603,0.43799113445610505,0.031909510948880004,3511.2406619606645,0.29587664860549123,0.012311011482972681,574.1414317918417,0.4215667037201791,0.004094232394103206,573.3301580910556,0.3548630131934757,0.00957054601183765,1416.9142147480338,0.34015138612428486,0.006767758282795603,1609.7818865350996,0.01566902355873241,0.03725143467231626,177.2491907246797
180,0.30910870378060107,41.02507117494267,7278.475829053953,49.04945551344106,7560.579473118419,14839.05530217237,0.42757397093715444,0.03237955730164142,3433.390208264258,0.3139429004899068,0.011223544703736724,520.8659521484617,0.44648239784024824,0.0038806151151966352,533.3656680587384,0.349150471366177,0.007582835777446377,1067.7621184791092,0.3334064556100591,0.006921446104468541,1566.4943945972077,0.030720845392748504,0.01774619288779153,156.59748750617786
181,0.30393622565069917,38.18566094106845,6882.144319255928,48.41000541374291,7334.223269296719,14216.367588552646,0.4564520506510568,0.028968277060121072,3067.9119389830657,0.23137774027695324,0.016109099136063787,579.6718504985757,0.47046939155973544,0.0034201301518494206,470.9395345010994,0.39043056353513855,0.006876287053997319,1027.3092180248882,0.30851489272751675,0.00777992961374569,1618.602993476293,0.019379614421991848,0.02202496779427192,117.70878377200677
182,0.302451111754489,36.83343024943915,7649.229010752038,51.44267998294796,7220.192670403725,14869.421681155762,0.39097621884220735,0.03983747170123919,3848.124151002774,0.2980319584494876,0.012225741269375074,536.9850116113881,0.46775188213135166,0.0035656404197948674,497.616213779779,0.41366643651926804,0.006361169272527436,998.103118409467,0.2865072504677501,0.008299492254359737,1651.4714007271857,0.019333693027659405,0.02196633997825447,116.92911522144334
183,0.32337372704539435,44.567729573886474,7938.015128226572,50.953388859470834,7640.95872593566,15578.973854162232,0.4748739687936242,0.026348116592811572,3018.4823148740343,0.31698887133719633,0.010746489696421651,536.1698850149877,0.415698948135337,0.004026551702029189,567.3895638019487,0.3773872011659059,0.008882887466475612,1376.536173641874,0.2585722007394084,0.01175204334524951,2282.0744907402877,0.027596174540760084,0.01878929061897396,157.36270015344007
184,0.3037459879732459,40.77660103807363,7372.31031832468,50.646696915225625,7184.039389267771,14556.34970759245,0.37032914483077417,0.0384947706732541,3712.7864920863894,0.29944181700342953,0.011137263270488824,489.3932101038826,0.4540252686777475,0.0036462614567900143,499.2339873725439,0.47115477487977747,0.005126691338213748,893.7582160331417,0.29146822210417184,0.008039419260631104,1647.471202497068,0.021168526179608647,0.021954290321710906,129.66721023165422
185,0.31820348101656787,68.23429141647378,7315.753363925538,49.881653514720185,7350.46727722992,14666.220641155456,0.45395465856167583,0.02955121672563798,3155.999831466925,0.26198677195946934,0.014373424961822083,600.8791517556674,0.4084717295581067,0.004311888407942504,589.1131969077827,0.38991117058564084,0.006949023318707063,1067.3143663897995,0.29693948324732955,0.008541382392619711,1761.36449823355,0.020120015662403234,0.023807337506558546,141.08231917181402
186,0.3117902379529323,70.40889720299482,9299.181137727652,57.14344706095145,6974.2178537766185,16273.398991504273,0.34001165426029306,0.06263543414726054,5415.665582445801,0.2675606440532509,0.013724065827069165,584.2700252954949,0.41025653650153476,0.004097559942701526,572.9693562062731,0.37753942832172116,0.006627928476568671,994.6470577494748,0.33833664519960427,0.00702081604021154,1596.0167923897545,0.02082734196411224,0.022118778552256694,135.61232364085387
187,0.31375594615386854,68.35995146505938,7364.353174170844,49.83930298089317,7411.842987709884,14776.196161880727,0.4758493121842567,0.027840884733791205,3076.108746560117,0.22988844323859473,0.016052104346798237,613.7188284261797,0.41205367627035555,0.004399405353276163,614.7668028508563,0.37170880959378577,0.008912870249025524,1336.1059198716125,0.3285951220923364,0.007089229251220117,1594.0046559387008,0.018861295149370353,0.022955702546555667,129.6482205233776
188,0.3131904883826766,38.64657357891131,7287.356653746265,49.73888133523644,7363.870832915547,14651.227486661815,0.4375874990739512,0.03260065608006112,3384.970879519766,0.2856629030246077,0.012451318290755437,528.8599226171197,0.45409016498784754,0.0036369731699592346,493.2904540880267,0.410515457717877,0.006533397165295899,1014.4335599556244,0.2570301922379822,0.009566059492152132,1754.8024413858723,0.017249084935243957,0.02329091088493808,110.9993961798567
189,0.3164960450503728,41.189830535064125,8056.106341093338,52.77244707322995,7209.637030469938,15265.743371563276,0.37425373199859996,0.04396052665095607,4174.579976029465,0.2648272303227417,0.01368100502225412,564.261048406207,0.43963146021886523,0.0039008448509956634,537.32291966424,0.36554150855106543,0.0068044158763025265,993.2633761110795,0.31514155446309167,0.00761769340797025,1648.9235537176194,0.021919603960533728,0.021756419425454466,137.75546716472897
190,0.31942064229492706,43.770354767839244,9925.382913634243,57.45466125011735,7349.774049568585,17275.156963202826,0.35449550882230013,0.059592786996826255,5769.005369461051,0.2385967083036484,0.014488162891937125,588.0412326933182,0.4096676876771293,0.004122832329265262,589.0097449454972,0.46902418544151014,0.005435714361950309,1027.63037746823,0.30354144066364624,0.00790821704759476,1789.186391428274,0.0264740519959029,0.019551855221142337,162.50979763787282
191,0.30753801166095895,39.801331489526525,7367.875507349717,49.98747598511896,7371.567447407789,14739.442954757506,0.3936518236639588,0.03626636072513646,3719.378150081138,0.28783475423439625,0.011748007569513478,511.57617077474384,0.4456430193890197,0.0037279392858680003,512.323599748145,0.40772302716948244,0.006278310807941727,1003.8056370850122,0.3439848697779788,0.00636860807491181,1494.8636266726903,0.01964701475033447,0.022156360684335626,125.92832298798857
192,0.3206641355271717,48.08717049849699,9482.823240767559,54.56284495614412,7896.81165251843,17379.63489328599,0.396844343066704,0.04880796223866968,4846.942796480412,0.28776612379996985,0.013275428966812499,612.8575755020853,0.41697750339798406,0.004306166213201377,609.7301259705673,0.3479306006160264,0.009391581664661766,1356.2901691554819,0.31056552059821957,0.008544776348385524,1872.3195405837205,0.016326023993939353,0.0374883017072912,184.68303307529143
193,0.3196273803954041,42.4945589014154,9452.304234968291,55.47124441761231,7587.703311657344,17040.00754662564,0.3678024236500611,0.053022317193376606,5319.159467466596,0.2730297123403317,0.013963714648768985,623.9271527780803,0.4101291984030937,0.0043452196248766955,613.6213782862618,0.4785200261644498,0.004907743053445547,934.4393375000757,0.29343138932901536,0.008180002279844913,1800.914067658186,0.01342692382475288,0.03851318891097149,160.2428312790933
194,0.3176114300816353,40.97280218424519,9384.642668609944,55.06410293398283,7658.480107513975,17043.122776123913,0.3718713024163519,0.05266945641285836,5310.600821120338,0.2932361585241893,0.012719777203602626,593.4742726058307,0.417736826846908,0.003997290705933187,562.8940764443475,0.4435997904730594,0.00600320883476575,1069.7417470071389,0.30650613119534603,0.0075713769472311315,1705.2013212715567,0.02045396036480519,0.022724552505546707,142.73043016073038
195,0.3046457108793504,45.58828295216919,6666.403963647522,47.44387275520003,7384.733889378731,14051.137853026255,0.4536624485480526,0.027992475768116188,3094.0547769316595,0.26337941286531874,0.013144093718883886,527.9389512661812,0.4478984600932399,0.0034251202115180095,464.68517072811835,0.4396930923949973,0.005583424901174864,927.7521149685608,0.3255307372324801,0.006884727273350507,1528.5513565353065,0.019252256056939226,0.022602243953821745,123.4215932176952
196,0.3209444298730999,64.10275307937042,7388.843750179232,49.213983276794885,7624.864261671905,15013.708011851137,0.4706211238222811,0.02684259432009561,3056.1618482120066,0.2604875540083479,0.014913176760471575,637.4234098865533,0.3990063943013979,0.00448508062072008,617.6825439992363,0.3876761464802979,0.007703917896096052,1216.2103874045592,0.3178519499010692,0.0076000859577913535,1708.1475604868394,0.023555077530287502,0.021152828889031684,153.21800019003825
197,0.31190274301513216,39.72486112377992,9621.599104840489,56.322145891982004,7461.555225417757,17083.154330258243,0.35634798439659043,0.06080462655110435,5647.569350382427,0.24398476261654628,0.014030771140197138,553.0554607517682,0.4418666156675671,0.004016534995226566,568.2086399641543,0.3743268583941127,0.006829930126163758,1037.1060106955565,0.33920643163217007,0.007151969673434963,1668.0611912864802,0.024330004083199075,0.0205420193254554,147.59845176010307
198,0.3199759091627476,43.68297806059734,8919.30486298018,53.20038651590219,7846.183974801287,16765.48883778147,0.4488663858368941,0.034617647015110935,3626.043532023994,0.2708681735463853,0.013449327035201809,590.9040780132965,0.429401435405515,0.004105583215272523,589.6522590727412,0.34836806244224877,0.010465123324298085,1491.007470211505,0.2636157664547795,0.01276465373199159,2436.239416034261,0.02819133294010187,0.022284446661384197,185.4581076243836
199,0.3073687069252684,42.58576636574578,7010.54333602341,48.99427626191597,7298.359398953446,14308.902734976855,0.4294021894078304,0.031146274271335456,3362.4528200213763,0.305957897973953,0.011138794725852446,509.6832159218291,0.44193578658351745,0.003667171736262444,504.7835017133708,0.4138188995123844,0.006011954775228828,970.6628520465835,0.3253883231648103,0.006934957123536402,1561.1271591770192,0.014481411769097209,0.024339306370129456,101.83378714323081
200,0.30691145302550854,39.8923067813765,7002.248205119321,48.89682732195127,7318.206901332538,14320.455106451864,0.4605482770878664,0.029014412407364323,3010.9574986829793,0.2846061947045027,0.012490225461735815,521.3347051626438,0.46770652891966213,0.0035969539854997976,491.36363079816346,0.3748004153338007,0.007460429481333706,1053.4805908467176,0.26112223506132815,0.010063711456520638,1811.1200870499135,0.01772463955435573,0.024057512189117856,113.9916925789035
