beta,phi,R0
0.9336605044392858,1.9469327936590264,3.8280080682010715
0.8519129660450944,3.343411643133371,3.4928431607848864
0.7777641284552128,4.343398885337607,3.188832926666372
0.9102657874569781,3.2524767112414223,3.7320897285736097
0.8608177421454625,14.690698411682732,3.5293527427963958
0.821251719725788,15.835470895872408,3.3671320508757305
0.821251719725788,15.835470895872408,3.3671320508757305
0.821251719725788,15.835470895872408,3.3671320508757305
0.821251719725788,15.835470895872408,3.3671320508757305
0.8147709299543185,13.737494250740065,3.3405608128127056
0.806941673811702,8.343104669027884,3.308460862627978
0.806941673811702,8.343104669027884,3.308460862627978
0.8815682212596447,3.942518819486027,3.6144297071645433
0.8500639822253776,8.695094490377038,3.485262327124048
0.8643402762095744,3.1506612331595316,3.543795132459255
0.8267161150918372,2.9042978479633237,3.389536071876532
0.8885388842509732,3.9791070014840195,3.6430094254289895
0.804473250373223,8.192539627199382,3.298340326530214
0.8248809147025739,7.920127803404837,3.3820117502805527
0.8344752641272629,2.4513904043348558,3.4213485829217776
0.8791500603540221,3.5386613500729456,3.60451524745149
0.864003656794564,3.832295470233266,3.542414992857712
0.8117162582400739,7.7042175343925745,3.3280366587843027
0.8308718733870073,7.028646133114243,3.4065746808867297
0.8648438282178855,10.034259566089835,3.54585969569333
0.8615111599100403,1.6997953228910578,3.532195755631165
0.8643381360762702,5.810904148680069,3.5437863579127074
0.8251806429584354,9.184730355077118,3.383240636129585
0.8221250915158183,9.147581541587964,3.3707128752148545
0.8221250915158183,9.147581541587964,3.3707128752148545
0.8476147981789658,8.436262744581763,3.4752206725337595
0.8476147981789658,8.436262744581763,3.4752206725337595
0.8572826212402599,9.65461093292213,3.514858747085065
0.8629912919364867,13.986847451282452,3.538264296939595
0.8257528581018182,9.502996797007478,3.3855867182174544
0.8035469821278338,11.272251256606902,3.2945426267241182
0.8036119552313926,12.083293162390044,3.2948090164487094
0.8168754373061125,9.143376442966577,3.3491892929550606
0.834464796860401,8.116646980359572,3.4213056671276436
0.8109666548099875,6.673373661440479,3.3249632847209485
0.8734990985082915,4.077380830746437,3.581346303883995
0.8586635178418887,3.5208361820055347,3.5205204231517433
0.8300829381611315,4.152573615640542,3.403340046460639
0.8610479264784758,8.681621059985245,3.5302964985617504
0.8563390734147243,7.922830785779805,3.5109902010003693
0.8143794039106513,3.508180302897711,3.33895555603367
0.9028582057297362,1.5400857891070365,3.701718643491918
1.0206612295973676,1.6039394554338324,4.184711041349207
1.0380237263742622,0.7139420493552449,4.255897278134475
1.0393874077907699,0.5621503150108281,4.261488371942156
0.8347889133834498,3.209349057525356,3.4226345448721442
0.7739751929096904,2.7823140418577412,3.1732982909297305
0.9856169211662589,1.227386347863561,4.041029376781661
0.9641982341968907,1.4297191521430517,3.9532127602072515
0.8034870861137505,5.3682988413137265,3.294297053066377
0.7966193417753802,6.058628120516906,3.2661393012790585
0.7842251736441892,8.260846074134205,3.2153232119411754
0.8279635970087631,5.977872231127462,3.3946507477359282
0.8260383140207992,10.80375864688484,3.3867570874852766
0.7882310440830085,11.903092847099874,3.2317472807403345
0.8136699055288695,8.992272408583954,3.3360466126683646
0.8906297516204164,0.5647128345249581,3.6515819816437065
0.8446298458632452,14.807479604340498,3.462982368039305
0.8446298458632452,14.807479604340498,3.462982368039305
0.821279396182891,4.172485072885756,3.367245524349853
0.8084357084365124,9.71998634906659,3.3145864045897
0.8711939384074213,6.202206620206429,3.571895147470427
0.8451750812953213,6.243916644314101,3.465217833310817
0.8451750812953213,6.243916644314101,3.465217833310817
0.8451750812953213,6.243916644314101,3.465217833310817
0.8466788317164012,5.957497948718823,3.471383210037245
0.9041937506994112,2.102109517927433,3.7071943778675855
0.892135855566109,2.3990973809232363,3.6577570078210466
0.8642763687747308,3.967604769515214,3.5435331119763958
0.8551780551053338,4.8352040400618845,3.5062300259318686
0.824398240857967,8.16486374604291,3.3800327875176643
0.824398240857967,8.16486374604291,3.3800327875176643
0.824398240857967,8.16486374604291,3.3800327875176643
0.838668473858074,8.241043544211884,3.438540742818103
0.838087244381019,4.247596816504067,3.4361577019621774
0.838087244381019,4.247596816504067,3.4361577019621774
0.8400012781529191,5.907214653110927,3.4440052404269683
0.8400012781529191,5.907214653110927,3.4440052404269683
0.8400012781529191,5.907214653110927,3.4440052404269683
0.8247390681966871,9.026338580655178,3.381430179606417
0.8684530627062239,11.67369111463346,3.5606575570955177
0.8348844302881943,3.424982014372677,3.423026164181596
0.8350800997873571,3.829547567278465,3.4238284091281637
0.8608635453952045,16.555161692913373,3.5295405361203382
0.8608635453952045,16.555161692913373,3.5295405361203382
0.8608635453952045,16.555161692913373,3.5295405361203382
0.8297040021555251,9.218382077284728,3.4017864088376526
0.8614810953447515,15.579844252367797,3.532072490913481
0.8300602193537027,12.805881117247013,3.4032468993501808
0.8300602193537027,12.805881117247013,3.4032468993501808
0.8177331972781445,6.264713115105485,3.352706108840392
0.8181120706745393,15.784668632409996,3.3542594897656106
0.8181120706745393,15.784668632409996,3.3542594897656106
0.8513965071072084,5.190811182386693,3.4907256791395542
0.8419658971227694,5.6237299638581515,3.452060178203354
0.8054502254233417,13.194711475927093,3.3023459242357003
0.8086231635596075,11.550962799156398,3.3153549705943903
0.8279111297894934,2.4154284934454933,3.394435632136923
0.8702493431440875,3.126381802403084,3.5680223068907586
0.8643517729921547,4.607458284750482,3.543842269267834
0.8832159635017611,2.2475652145132425,3.6211854503572205
0.7540886268519047,3.231313872006814,3.091763370092809
0.7963306213091154,3.359310691789049,3.264955547367373
0.875135982488608,1.7609101539630927,3.5880575282032927
0.845041902700569,2.5175567734818394,3.4646718010723325
0.9136589311895752,3.2470129189899137,3.746001617877258
0.8748245591877518,1.0844683057295956,3.586780692669782
0.8073815467181217,8.377604330236268,3.3102643415442987
0.8235995262182986,9.53450661636871,3.376758057495024
0.8235995262182986,9.53450661636871,3.376758057495024
0.8286374344393537,9.839757310501795,3.3974134812013497
0.8286374344393537,9.839757310501795,3.3974134812013497
0.8286374344393537,9.839757310501795,3.3974134812013497
0.7805947508666434,9.700174893214195,3.2004384785532376
0.7677887157005144,4.842960248333121,3.147933734372109
0.8213426658381359,1.4722179187207138,3.3675049299363566
0.822143246684616,2.0418508434845783,3.3707873114069256
0.8423408602733076,2.5703930149671845,3.453597527120561
0.8882103129632721,3.571827876989862,3.641662283149415
0.8238329180399993,1.2278718318859847,3.3777149639639967
0.841469230810865,15.704192984163305,3.4500238463245463
0.8010144389255932,17.044076519489142,3.284159199594932
0.8259038135661178,11.429054164160142,3.3862056356210823
0.8129280755811215,10.792010458769507,3.3330051098825977
0.9015780102699817,2.9080568193092464,3.6964698421069246
0.811389036654102,6.950211360824621,3.326695050281818
0.8535238025789678,3.845766749279281,3.4994475905737676
0.8300313752274522,6.733952728186563,3.4031286384325536
0.8300313752274522,6.733952728186563,3.4031286384325536
0.8420303697689857,4.952045939660051,3.4523245160528413
0.7941398318260321,3.111874046935682,3.2559733104867314
0.8656137939472616,8.22750128281323,3.5490165551837722
0.8426602139262674,5.210528495356376,3.454906877097696
0.8523890654332852,5.416428123996486,3.494795168276469
0.830203143716531,2.4373982716623313,3.4038328892377767
0.8014575794277515,5.099406432750387,3.285976075653781
0.8014575794277515,5.099406432750387,3.285976075653781
0.8932713795385567,5.399813790194553,3.6624126561080823
0.8741968677274624,6.298639940114366,3.5842071576825956
0.838181533795394,3.1944565467545356,3.436544288561115
0.8383774198295244,3.4590091640025413,3.4373474213010495
0.8070463433638551,4.684251638153941,3.3088900077918053
0.8864770632650023,10.781069755687865,3.634555959386509
0.8746352008515492,9.390835514975647,3.5860043234913515
0.8625047769968314,7.655628839265706,3.536269585687008
0.8487084121196283,6.374890684722814,3.4797044896904756
0.895741122479284,5.873998292945138,3.672538602165064
0.8717799747105658,1.73640947330195,3.574297896313319
0.8698195519223464,2.33473024534115,3.56626016288162
0.8668414978387532,2.02023065993236,3.554050141138888
0.8618923742629232,4.845533225189054,3.533758734477985
0.8260447256504292,8.306551144540654,3.3867833751667593
0.8291916198445656,4.0922402796310084,3.3996856413627183
0.8138153907114727,5.486720544004526,3.3366431019170375
0.8476182807702449,11.890578286133056,3.475234951158004
0.8350787598426466,8.726029895092498,3.4238229153548505
0.8350787598426466,8.726029895092498,3.4238229153548505
0.8435383481899219,4.104598444787227,3.4585072275786795
0.8358110364338542,12.010819469425266,3.426825249378802
0.8384374742026202,4.738912492383122,3.437593644230742
0.894049505976785,2.210594626471705,3.665602974504818
0.8259106267958394,8.369430298743028,3.386233569862941
0.81937894879962,7.790181408091405,3.3594536900784417
0.8146966757976898,6.144338142998977,3.3402563707705277
0.903175234770913,3.647965782008537,3.7030184625607427
0.8150511373153537,2.4997971912160004,3.34170966299295
0.784796547675691,2.191138964825981,3.2176658454703326
0.784796547675691,2.191138964825981,3.2176658454703326
0.784215186485557,2.7602774932769307,3.2152822645907833
0.8339569254935728,1.5919841136072939,3.419223394523648
0.8566955977602477,3.7051578876558504,3.5124519508170153
0.8244270551244497,3.4157610822447895,3.3801509260102436
0.8766315654652136,3.619966831049242,3.5941894184073755
0.8319578833665863,5.538270132087925,3.4110273218030036
0.856768419151339,8.874944087246007,3.5127505185204893
0.9040070912969,3.319540887339262,3.7064290743172896
0.842929326489565,7.436351795613342,3.4560102386072162
0.896135775487783,8.414077758788649,3.67415667949991
0.8554516979411254,9.03364048554786,3.507351961558614
0.8007839346081481,9.673572849617296,3.283214131893407
0.7981759812037899,8.581593582691225,3.272521522935538
0.8421933000175168,6.804332439824815,3.4529925300718185
0.8803886954979662,6.104542143545843,3.609593651541661
0.8458331354702923,2.9406767144424664,3.467915855428198
0.8092198545600029,9.169988208382307,3.3178014036960115
0.8161216933299507,4.302589285619339,3.3460989426527976
0.8440538391466889,2.945553974388368,3.460620740501424
0.8456627243435583,10.324546983339935,3.4672171698085887
0.8571326968338175,5.1368437141351455,3.5142440570186517
0.8186633022563254,7.396125808810959,3.356519539250934
0.8056782251442979,1.3464785550530127,3.303280723091621
0.9049462135603258,3.967239593741917,3.710279475597335
0.860305992132936,6.554979344471074,3.5272545677450373
0.8297331902468896,21.562312260445648,3.4019060800122474
0.8501601965320064,1.0480665303877237,3.485656805781226
0.8701164186162066,1.9296106078132225,3.5674773163264466
0.9110211885943753,1.2777612408953325,3.7351868732369384
0.9245831483084915,1.253865300374747,3.790790908064815
0.8705795172927083,4.29288838846718,3.569376020900104
0.8620534534579449,4.646516053579151,3.534419159177574
0.8101328580007263,8.904359890502546,3.3215447178029778
0.8101328580007263,8.904359890502546,3.3215447178029778
0.8101328580007263,8.904359890502546,3.3215447178029778
0.7758420745958801,13.656871535702386,3.180952505843108
0.858234878201841,11.293580248117502,3.5187630006275477
0.8284614628874863,8.894158059521084,3.3966919978386936
0.8448968614026152,15.583796116704415,3.464077131750722
0.8448968614026152,15.583796116704415,3.464077131750722
0.9037369786879715,1.8368873228785354,3.705321612620683
0.8532479586871954,4.427816557994438,3.498316630617501
0.8204983979356831,9.83336305922056,3.3640434315363006
0.8204983979356831,9.83336305922056,3.3640434315363006
0.8425472276581015,5.8545110378104726,3.454443633398216
0.8745043817000224,6.072510001047708,3.585467964970092
0.8022278327635799,5.22727835388293,3.289134114330677
0.8380113479817891,5.115561425313368,3.435846526725335
0.8695976954761082,4.288438984736786,3.565350551452043
0.803090830528614,5.695445358633632,3.292672405167317
0.8310315123037909,5.55550097313326,3.4072292004455424
0.8310315123037909,5.55550097313326,3.4072292004455424
0.81855294956442,2.373767020009241,3.3560670932141217
0.8418738066323148,4.387209413831717,3.4516826071924904
0.811594404010974,5.684772429738308,3.327537056444993
0.811594404010974,5.684772429738308,3.327537056444993
0.811594404010974,5.684772429738308,3.327537056444993
0.8118340665875775,5.811625972007664,3.3285196730090676
0.8307753449876274,1.891785537131853,3.406178914449272
0.8028695929242449,12.37281437967399,3.2917653309894037
0.8131053177878245,17.74559077995842,3.33373180293008
0.8131053177878245,17.74559077995842,3.33373180293008
0.8559582919007466,7.479779920353173,3.5094289967930608
0.837449066391904,7.148320220714455,3.433541172206806
0.8335856634151693,5.347179035039561,3.4177012200021935
0.8631951778028458,4.551167735392397,3.5391002289916678
0.8788558778247757,2.3606698290443537,3.60330909908158
0.8804619343347007,1.931841761979557,3.609893930772272
0.8280458078420707,3.913423059683157,3.3949878121524897
0.8625986053990855,2.645229758969413,3.5366542821362503
0.79343844165295,13.541671543841463,3.2530976107770946
0.79343844165295,13.541671543841463,3.2530976107770946
0.79343844165295,13.541671543841463,3.2530976107770946
0.8284771302206516,9.371682215742645,3.3967562339046715
0.8284771302206516,9.371682215742645,3.3967562339046715
0.8256603454487483,7.317182871071068,3.3852074163398678
0.8327260460240208,3.417652276321771,3.414176788698485
0.8276222543561028,8.810034676697532,3.393251242860021
0.8339698614613381,1.1675495885644716,3.419276431991486
0.813829485725325,2.418225123731682,3.336700891473832
0.8422603345019786,11.154717580592798,3.4532673714581117
0.8366046162554344,6.158197222695688,3.4300789266472806
0.8465440030137288,2.7769592985259255,3.4708304123562876
0.8248923436548511,4.307220678269516,3.382058608984889
0.8739289708287249,2.839062657578024,3.583108780397772
0.7930079166177708,2.5098658373177205,3.25133245813286
0.7919841179484934,5.764450778914256,3.247134883588823
0.8279411431353646,4.992822429192171,3.3945586868549946
0.8432522890354941,1.4644917796983798,3.4573343850455256
0.9046765601051769,1.2638778504145725,3.709173896431225
0.8340447814266571,5.467028790628575,3.4195836038492935
0.819608025176431,9.906540780677057,3.360392903223367
0.8000442822108289,5.451740381088809,3.2801815570643984
0.7992374525417825,11.493182266083343,3.2768735554213078
0.8158273630099947,4.866719245224161,3.344892188340978
0.8538288665346375,12.959948141999075,3.5006983527920137
0.8327245261777154,3.3658837287363124,3.414170557328633
0.8578346215082696,7.601308274515146,3.517121948183905
0.8298066425705188,9.417799013931699,3.402207234539127
0.8298066425705188,9.417799013931699,3.402207234539127
0.8298066425705188,9.417799013931699,3.402207234539127
0.8391256437987444,6.28005747336154,3.440415139574852
0.807409544598812,19.585322570248195,3.310379132855129
0.807409544598812,19.585322570248195,3.310379132855129
0.807409544598812,19.585322570248195,3.310379132855129
0.8307470142087919,19.44149738279205,3.4060627582560468
0.8307470142087919,19.44149738279205,3.4060627582560468
0.8633188683076672,3.860909526265469,3.5396073600614355
0.8111206756114784,7.983628120584846,3.325594770007061
0.8527685528296554,6.281642258539007,3.4963510666015867
0.8369519790497087,1.26779237204208,3.4315031141038057
0.9163695430116657,4.284152011733758,3.7571151263478293
0.8935830443828722,7.217257261194371,3.6636904819697755
0.837936427971146,18.499773318948602,3.435539354681698
0.837936427971146,18.499773318948602,3.435539354681698
0.8108280285260563,15.38225907494864,3.3243949169568303
0.8108280285260563,15.38225907494864,3.3243949169568303
0.8576545742312086,4.358119791673245,3.516383754347955
0.8564062746215748,4.652454533943796,3.5112657259484563
0.8140686176281182,7.157147483932687,3.3376813322752845
0.8302236116889358,11.655615709909423,3.4039168079246362
0.8334695130431911,12.437622180857582,3.417225003477083
0.8334695130431911,12.437622180857582,3.417225003477083
0.8334695130431911,12.437622180857582,3.417225003477083
0.8334695130431911,12.437622180857582,3.417225003477083
0.8334695130431911,12.437622180857582,3.417225003477083
0.8334695130431911,12.437622180857582,3.417225003477083
0.819426136218705,5.708871563208346,3.3596471584966903
0.8798089816092873,2.9337788149972743,3.6072168245980776
0.8240371433852823,7.168402977736453,3.3785522878796574
0.8605564196299182,4.94537512805799,3.5282813204826646
0.8605564196299182,4.94537512805799,3.5282813204826646
0.8563392014005444,4.799963156104594,3.5109907257422317
0.8363426213059486,13.259801053429458,3.429004747354389
0.8363426213059486,13.259801053429458,3.429004747354389
0.8363426213059486,13.259801053429458,3.429004747354389
0.8649297245474484,1.9665572415851467,3.5462118706445382
0.9243284659487578,2.0028226652884262,3.789746710389907
0.8160544745134397,21.14349565847128,3.3458233455051025
0.8160544745134397,21.14349565847128,3.3458233455051025
0.8702663787572027,6.8076688082636645,3.568092152904531
0.8254034384640062,2.6271716213874923,3.3841540977024254
0.8638851102835409,5.305888542056028,3.5419289521625172
0.8644329714811904,2.688749723940349,3.54417518307288
0.8624751946857029,6.522589191093664,3.5361482982113817
0.8624751946857029,6.522589191093664,3.5361482982113817
0.8625897121310594,6.662854414904372,3.536617819737343
0.8625897121310594,6.662854414904372,3.536617819737343
0.8604487303184792,4.398664593975813,3.5278397943057644
0.8724116434561361,9.158819691159845,3.5768877381701576
0.8398132734708126,9.129353861268676,3.4432344212303314
0.8611770223298467,9.349462436507126,3.5308257915523713
0.8511896887858759,3.6952180321234334,3.4898777240220906
0.8638958652244427,4.758675205470112,3.541973047420215
0.9092411061479061,7.927198897618551,3.727888535206415
0.7802803264881801,1.8877036560554132,3.199149338601538
0.8204180402377553,4.726324543324126,3.3637139649747967
0.8935264696793735,3.157963059709635,3.663458525685431
0.8935264696793735,3.157963059709635,3.663458525685431
0.9396855308914406,1.7385242844603415,3.852710676654906
0.7952380297685535,6.660735673061818,3.2604759220510693
0.8826633908384995,3.4200368475539844,3.618919902437848
0.8170679663457008,9.078269724411918,3.349978662017373
0.8170679663457008,9.078269724411918,3.349978662017373
0.8600327875702792,12.077325788936045,3.5261344290381444
0.8194245149489633,8.686555677458706,3.359640511290749
0.831448783874821,8.503883102716701,3.408940013886766
0.8394008889354988,7.772334565658639,3.4415436446355447
0.8414614222169156,10.33025497865184,3.4499918310893536
0.8453015708478326,5.567945826753956,3.4657364404761135
0.8453015708478326,5.567945826753956,3.4657364404761135
0.8453015708478326,5.567945826753956,3.4657364404761135
0.8497532168522043,14.218290381061053,3.4839881890940374
0.8490726391514655,9.927580891409423,3.481197820521008
0.7973090279540961,3.258945679896437,3.2689670146117935
0.9184777246637169,3.9072434294662695,3.765758671121239
0.9103806446079519,4.6103726627993655,3.732560642892602
0.7483026739409401,1.624963242109334,3.0680409631578542
0.7732441098808736,1.0433861379050215,3.1703008505115813
0.8542936301975953,0.9887501966840977,3.5026038838101403
0.849617521870001,12.875148760091463,3.4834318396670034
0.8422460360061366,4.2585839293473,3.4532087476251596
0.8471202046086724,8.266043338104392,3.4731928388955566
0.8268877089883794,11.85684808386398,3.3902396068523553
0.8350809616351828,8.515843363122642,3.423831942704249
0.8420598023739373,4.2280744828987675,3.4524451897331425
0.8420598023739373,4.2280744828987675,3.4524451897331425
0.8335828060876143,10.581479862936169,3.417689504959218
0.8285578051578609,10.633874603570773,3.3970870011472294
0.8392790707297071,6.1567526057907775,3.441044189991799
0.8528194907112391,8.775537771574687,3.49655991191608
0.8439375436538614,8.722178248183324,3.4601439289808313
0.8385447505176559,6.316273934479233,3.4380334771223886
0.8536303550421338,5.350282980570839,3.499884455672748
0.8436363493015313,4.562649058199044,3.458909032136278
0.7958806492131494,6.644072678513146,3.2631106617739123
0.8368344394028173,6.379356548713674,3.431021201551551
0.7927367871644515,7.385275748938324,3.250220827374251
0.7855114397313973,2.5984506208852003,3.2205969028987282
0.7855114397313973,2.5984506208852003,3.2205969028987282
0.8081305274498057,3.3355112608395365,3.3133351625442033
0.8654142228168884,3.0367565569588892,3.5481983135492423
0.7936036069053607,2.0985981892968133,3.2537747883119787
0.7954796880081143,1.569378249436955,3.261466720833268
0.8282495307408904,19.534545852216258,3.39582307603765
0.8282495307408904,19.534545852216258,3.39582307603765
0.8282495307408904,19.534545852216258,3.39582307603765
0.8282495307408904,19.534545852216258,3.39582307603765
0.8072950080138767,18.941327694470274,3.309909532856894
0.8137811338685016,21.94497134007186,3.336502648860856
0.8137811338685016,21.94497134007186,3.336502648860856
0.857415195502919,7.853813493335268,3.5154023015619678
0.8461543283888272,3.311660739223377,3.469232746394191
0.8706308895281062,8.869856151950868,3.569586647065235
0.8480387299504133,6.530644117992368,3.4769587927966943
0.8793313625967522,2.555425021804688,3.6052585866466833
0.9164452876827475,2.0802989110337875,3.7574256794992644
0.8347562388136557,4.096676935809588,3.422500579135988
0.8476336316661164,3.03453979435962,3.4752978898310767
0.8482342568310226,9.849619403935291,3.477760453007192
0.8229932608803685,4.911730866706281,3.3742723696095105
0.8430052181979555,13.418576898410063,3.456321394611617
0.8115782342115294,14.129316196578012,3.3274707602672704
0.8115782342115294,14.129316196578012,3.3274707602672704
0.8115782342115294,14.129316196578012,3.3274707602672704
0.8115782342115294,14.129316196578012,3.3274707602672704
0.8402376106146942,9.970642177454481,3.4449742035202457
0.8402376106146942,9.970642177454481,3.4449742035202457
0.8579851122189407,3.417314826577445,3.5177389600976565
0.8519372743974476,15.202732896850273,3.4929428250295347
0.801196807663829,18.10758387759218,3.2849069114216984
0.8347828713797008,12.14806910282628,3.422609772656773
0.8347828713797008,12.14806910282628,3.422609772656773
0.8335571823155642,10.333708173361437,3.417584447493813
0.8530880298121989,4.749580928789046,3.4976609222300152
0.8505932614116226,5.699269906834481,3.4874323717876523
0.8330196668432611,8.056452024788614,3.4153806340573705
0.8541187211444281,2.468938979406914,3.501886756692155
0.8253849927652466,19.173551754168948,3.384078470337511
0.8253849927652466,19.173551754168948,3.384078470337511
0.8253849927652466,19.173551754168948,3.384078470337511
0.8439843455104723,16.6443811535372,3.460335816592936
0.8251191585004208,12.891800385112354,3.382988549851725
0.8633516849729481,3.715934458250478,3.539741908389087
0.8047840417729802,8.623220347784324,3.2996145712692186
0.849030372404203,8.683401384227551,3.4810245268572317
0.8550883455983772,8.76856033500978,3.5058622169533464
0.8061357263190789,13.242514999863491,3.3051564779082234
0.8061357263190789,13.242514999863491,3.3051564779082234
0.8097332700981504,18.519501186166945,3.3199064074024163
0.8097332700981504,18.519501186166945,3.3199064074024163
0.8079381261705901,17.09496303189016,3.3125463172994194
0.8079381261705901,17.09496303189016,3.3125463172994194
0.8397388372989549,19.91433532250928,3.442929232925715
0.7953810573973564,13.390458098003569,3.2610623353291612
0.8146514466179348,3.1502400920594202,3.3400709311335324
0.8568988833248329,16.064563055355148,3.5132854216318146
0.7961282412662336,12.035417012666626,3.2641257891915574
0.8181568761588401,15.312061947639522,3.354443192251244
0.8121223469649655,16.0721026430926,3.3297016225563585
0.8121223469649655,16.0721026430926,3.3297016225563585
0.8121223469649655,16.0721026430926,3.3297016225563585
0.8324792513731134,18.56104030415045,3.4131649306297644
0.8324792513731134,18.56104030415045,3.4131649306297644
0.8324792513731134,18.56104030415045,3.4131649306297644
0.8324792513731134,18.56104030415045,3.4131649306297644
0.8127036871515435,12.654962165571458,3.332085117321328
0.874386527425016,1.4946625643613143,3.584984762442565
0.8735805256987319,1.4940293834451828,3.5816801553648006
0.8348789984082301,5.687644791960677,3.423003893473743
0.8126758019466723,5.571125433782458,3.3319707879813563
0.8126758019466723,5.571125433782458,3.3319707879813563
0.7899607507511796,4.6115446056998906,3.238839078079836
0.9293223919233244,3.054396834554219,3.8102218068856297
0.9293223919233244,3.054396834554219,3.8102218068856297
0.924873234547609,3.226717043050885,3.7919802616451963
0.8344895571201201,2.6266473952320504,3.421407184192492
0.8478898585596352,3.852932906948697,3.476348420094504
0.8418088474196055,5.344470587386006,3.451416274420382
0.8068881183777195,8.106145214663835,3.3082412853486494
0.7952465898197386,2.196265638442663,3.260511018260928
0.8801566269189518,2.08876095244686,3.608642170367702
0.9206515614349075,2.5511646169345434,3.7746714018831202
0.8741039213023363,5.360523151638519,3.5838260773395785
0.8203870192100524,4.458436493798472,3.363586778761215
0.8898670000719741,4.275181707923127,3.648454700295093
0.875928253803212,3.734951165509286,3.591305840593169
0.8739562642157485,2.232397023246857,3.5832206832845683
0.8728191278004023,3.5736740812058834,3.578558423981649
0.8728191278004023,3.5736740812058834,3.578558423981649
0.8324749924536341,4.558238307444028,3.4131474690598993
0.9026703199393171,9.219178407986746,3.7009483117512
0.7814148159825728,3.9727955978064067,3.203800745528548
0.8556108909909245,2.6500239056672004,3.50800465306279
0.818052602559242,16.512489053556887,3.354015670492892
0.8433250791632123,20.34167056195875,3.45763282456917
0.8433250791632123,20.34167056195875,3.45763282456917
0.8433250791632123,20.34167056195875,3.45763282456917
0.802445579386684,23.775369665421717,3.2900268754854043
0.802445579386684,23.775369665421717,3.2900268754854043
0.802445579386684,23.775369665421717,3.2900268754854043
0.802445579386684,23.775369665421717,3.2900268754854043
0.802445579386684,23.775369665421717,3.2900268754854043
0.802445579386684,23.775369665421717,3.2900268754854043
0.8747771184310122,3.382414133502254,3.5865861855671497
0.8754118009486141,3.643482053791557,3.5891883838893177
0.8754118009486141,3.643482053791557,3.5891883838893177
0.8938703383745015,3.5655385797705414,3.6648683873354555
0.8835743023583053,1.6463511291713278,3.6226546396690513
0.8565761169329512,1.6381718551323787,3.5119620794251
0.8832795451202495,4.49740381720386,3.6214461349930227
0.8412905929365128,7.220120081011535,3.449291431039702
0.8625310570302656,7.80622945981879,3.5363773338240883
0.8220354405628229,4.36554302468217,3.3703453063075735
0.8146340574035551,4.345792302626609,3.339999635354576
0.8631239677076761,9.544403075288871,3.5388082676014716
0.8124903123709102,4.451245964903045,3.3312102807207316
0.8601625752539743,3.8454981619849113,3.5266665585412946
0.8156018531043687,5.7267221981905285,3.3439675977279113
0.8877515143630563,2.843147862116761,3.6397812088885306
0.9411607771423752,2.0204548990822997,3.8587591862837383
0.8398079426556684,3.9453236883711336,3.44321256488824
0.8493137494097724,8.30740673274247,3.482186372580067
0.8617010872902738,4.327469564576978,3.5329744578901225
0.8379327023671543,3.4843927875740115,3.4355240797053326
0.8784432101556128,1.9223883993050033,3.601617161638012
0.8661035555765662,3.5187818773467514,3.551024577863921
0.9226673536987674,3.2230503386447307,3.782936150164946
0.8343131250983362,2.869875755258831,3.420683812903178
0.8470669627882038,6.181202782894936,3.4729745474316354
0.8556649240588593,7.059839845789732,3.5082261886413226
0.8556649240588593,7.059839845789732,3.5082261886413226
0.8271560099996966,3.126260661521003,3.3913396409987557
0.8108416269244858,5.084793374092934,3.3244506703903913
0.8963049811395523,3.4084508363976886,3.674850422672164
0.8152140189064799,4.3330255614178395,3.3423774775165676
0.8618596137047934,5.805079584874783,3.5336244161896526
0.8811185998067861,2.35175456654772,3.6125862592078226
0.8110947911248175,2.6992484592569506,3.3254886436117514
0.8606179964741636,20.042391649450405,3.5285337855440706
0.7939453610546257,24.092462727762598,3.255175980323965
0.8221298243697214,20.033740538513086,3.3707322799158574
0.8346485948131259,10.157412913781483,3.422059238733816
0.8347250473813226,8.229426017218218,3.422372694263422
0.8736997435530685,9.65066640893988,3.5821689485675803
0.831685657146019,5.784022571642776,3.4099111942986777
0.8423291769715798,9.04127953161737,3.453549625583477
0.8423291769715798,9.04127953161737,3.453549625583477
0.8485907198421571,11.139376401761192,3.4792219513528435
0.8485907198421571,11.139376401761192,3.4792219513528435
0.8285212000509206,6.648458966690896,3.396936920208774
0.8380757156921981,10.169390321828146,3.436110434338012
0.8429686446433498,6.144514857800093,3.4561714430377335
0.856598976027745,6.930753800173957,3.512055801713754
0.8880916100390328,1.3613418647959472,3.6411756011600342
0.8707386615936155,1.1801091556064482,3.570028512533823
0.9192453968624942,5.1387023963442795,3.768906127136226
0.8542185887570493,13.371307078315418,3.5022962139039016
0.8254074549590226,24.93686016433856,3.384170565331992
0.8254074549590226,24.93686016433856,3.384170565331992
0.853242840566085,7.417226523729417,3.498295646320948
0.853242840566085,7.417226523729417,3.498295646320948
0.853242840566085,7.417226523729417,3.498295646320948
0.8225882154576843,13.68600389922935,3.3726116833765056
0.8225882154576843,13.68600389922935,3.3726116833765056
0.8041226900609456,14.95988349252628,3.2969030292498767
0.8069851621057677,7.45770683918141,3.308639164633647
0.8069851621057677,7.45770683918141,3.308639164633647
0.8147844232985055,11.926527620937485,3.3406161355238724
0.8138579217454315,4.590524589864432,3.336817479156269
0.8177913534310107,8.072059464496741,3.3529445490671437
0.813200134803468,8.09111995200613,3.3341205526942184
0.8565642572046099,4.627657314701134,3.5119134545389006
0.8565642572046099,4.627657314701134,3.5119134545389006
0.8987759820636559,2.4155858574346185,3.684981526460989
0.8066038923151864,3.1433029262382046,3.307075958492264
0.7373717927276565,2.1016282853292125,3.0232243501833915
0.883447962801517,4.8486027600320805,3.6221366474862196
0.7819924150622161,7.008389621860938,3.2061689017550856
0.7819924150622161,7.008389621860938,3.2061689017550856
0.8230781385837866,11.21258206613405,3.3746203681935247
0.8230781385837866,11.21258206613405,3.3746203681935247
0.832636269513742,3.0857296892944324,3.413808705006342
0.8350498760698459,10.893273205557177,3.423704491886368
0.8417834140619277,9.250265750936013,3.451311997653903
0.8243718001041517,5.2973278353404005,3.3799243804270214
0.8724840601331005,3.2016346017189163,3.577184646545712
0.8420029914324855,3.4111977333289265,3.4522122648731903
0.8844127061201703,5.649859251158023,3.626092095092698
0.8844127061201703,5.649859251158023,3.626092095092698
0.8391101442836527,3.1604802192487798,3.4403515915629757
0.804938905326267,3.3492246781940382,3.3002495118376944
0.8286969751016612,3.775117811215021,3.3976575979168104
0.8824177588633234,3.1317228086203612,3.6179128113396257
0.7824390533415225,4.2625856553830515,3.2080001187002423
0.8333424934659895,2.1005209028278715,3.416704223210557
0.9486559582581504,4.085600596137467,3.8894894288584165
0.8707221125283328,0.4371830978663805,3.569960661366164
0.845758085579908,1.1676318406020587,3.467608150877622
0.7646654079254737,1.9164380812953437,3.1351281724944418
0.8946073848428313,9.676022570446458,3.667890277855608
0.8194186226477895,6.181027150382263,3.359616352855937
0.8485406669596909,5.018444895867474,3.4790167345347323
0.8392241413727571,7.193734488827236,3.440818979628304
0.8201597493524803,7.528888088783024,3.362654972345169
0.8198704064769382,6.71430850009709,3.3614686665554463
0.8593312585828095,5.521716254600989,3.5232581601895183
0.8468560343049149,12.01887815119758,3.4721097406501507
0.8259559832020232,9.543663785314779,3.3864195311282947
0.8108304110994982,5.217332558819405,3.3244046855079423
0.8108304110994982,5.217332558819405,3.3244046855079423
0.8894080228334679,9.736243832055383,3.646572893617218
0.856258800533966,4.839038734880886,3.51066108218926
0.8099760785057666,1.852985638560048,3.320901921873643
0.8099760785057666,1.852985638560048,3.320901921873643
0.8650008370291408,6.86075760577109,3.546503431819477
0.8153048672649741,4.038197961233745,3.3427499557863936
0.8527588960240399,4.711580459487853,3.496311473698563
0.8618607689010693,2.7860708540444614,3.533629152494384
0.8590035535861423,6.025197059605994,3.521914569703183
0.845153488424647,6.088540657270912,3.4651293025410523
0.8492748145539362,9.333559403325658,3.482026739671138
0.8455918809565917,6.938953684443953,3.4669267119220253
0.8192536451013764,12.629225883109012,3.358939944915643
0.7977966352476391,5.6914706731002775,3.27096620451532
0.8782473866584113,8.083724879214431,3.600814285299486
0.8123171767241019,2.4736063134288795,3.3305004245688172
0.8643156929148643,2.084454977962428,3.5436943409509434
0.8110777297430382,5.526432814673634,3.325418691946456
0.9110679171585367,3.1275489326312598,3.73537846035
0.7870847041447524,6.007395323682722,3.2270472869934848
0.8901500715360562,4.541052937700601,3.64961529329783
0.7950030265199686,5.579888370523962,3.259512408731871
0.8166375103446808,0.8699183828070121,3.348213792413191
0.8850253068003416,1.4885302766906399,3.6286037578814003
0.9176251411896005,1.11210078048793,3.7622630788773614
0.8853024292858641,1.095623777414424,3.6297399600720426
0.8664143097155952,6.105155053931869,3.55229866983394
0.8361953359752589,3.215212674659911,3.428400877498561
0.8950985070876117,4.157182217814072,3.669903879059208
0.8162703928297088,4.282346462446814,3.346708610601806
0.84004254249578,2.0342433065903465,3.4441744242326977
0.8307391965440352,26.532769462995567,3.4060307058305437
0.8759197940733445,7.422600841094955,3.591271155700712
0.815879985182488,1.840305303886235,3.3451079392482006
0.8478685422230643,2.488038873838259,3.476261023114563
0.8703046644937519,6.808448611606474,3.5682491244243826
0.8575368647126135,3.020291589359614,3.515901145321715
0.8644561113962577,2.953137588714064,3.544270056724656
0.8373114961875254,3.6578936952175196,3.432977134368854
0.8365894465356828,5.123238206270345,3.430016730796299
0.8707210866624691,4.411040613124807,3.569956455316123
0.8707210866624691,4.411040613124807,3.569956455316123
0.8707210866624691,4.411040613124807,3.569956455316123
0.8235755108219897,6.488360417915347,3.376659594370157
0.8092061720284013,7.832596398219688,3.317745305316445
0.8641359058364706,5.769211274510691,3.542957213929529
0.7757367439325508,2.1003053579153534,3.1805206501234577
0.8596292405687841,5.269440692787489,3.5244798863320144
0.8292449208788906,4.114237419297599,3.399904175603451
0.8345150122321543,8.276352938669374,3.4215115501518323
0.8345150122321543,8.276352938669374,3.4215115501518323
0.8345150122321543,8.276352938669374,3.4215115501518323
0.8625465716166576,10.290697219100537,3.5364409436282958
0.8249561616473757,9.149234255744364,3.38232026275424
0.8696231976478973,3.146708751376562,3.5654551103563787
0.8247970062770797,13.359048295797315,3.3816677257360266
0.8543312487371932,5.901483879777121,3.502758119822492
0.8173077816106824,7.9814608814245815,3.3509619046037975
0.8389384071066704,9.155804284654076,3.4396474691373484
0.8389384071066704,9.155804284654076,3.4396474691373484
0.8389384071066704,9.155804284654076,3.4396474691373484
0.8389384071066704,9.155804284654076,3.4396474691373484
0.8268854966054698,8.20298733179466,3.390230536082426
0.8457893816433034,7.4588958478214,3.4677364647375435
0.8157804984292969,4.280261410749961,3.344700043560117
0.8448297817988331,6.378603067717225,3.463802105375215
0.832086833539858,2.975409588310211,3.4115560175134174
0.832086833539858,2.975409588310211,3.4115560175134174
0.8378056643572246,6.272174685028319,3.4350032238646206
0.840650660411352,5.165931373872333,3.446667707686543
0.8250043662169466,11.157537879314118,3.382517901489481
0.8494025732127449,12.222755298865906,3.482550550172254
0.8172118173093118,5.5409112498521615,3.350568450968178
0.8042449594214489,10.671559047334434,3.29740433362794
0.8715628767167204,4.672846360459196,3.573407794538553
0.8182593360659739,6.804767067374146,3.3548632778704928
0.8549711735135451,4.964441639176594,3.5053818114055346
0.837190491480805,3.4017166602389173,3.4324810150713003
0.8896093323176834,2.5728466591406223,3.6473982625025014
0.92781493167154,2.308029383872022,3.804041219853314
0.8452174035865712,2.7153231946525738,3.4653913547049413
0.892549483762468,3.981631030069085,3.6594528834261184
0.892549483762468,3.981631030069085,3.6594528834261184
0.8706115869178881,3.653646774478923,3.569507506363341
0.8371381876717477,6.309416223818527,3.4322665694541654
0.8371381876717477,6.309416223818527,3.4322665694541654
0.8328404624920943,5.172444455569732,3.4146458962175865
0.8200878481398766,2.1003707218258554,3.3623601773734935
0.8559927666209357,4.709410994965933,3.5095703431458363
0.8559927666209357,4.709410994965933,3.5095703431458363
0.8173394618330954,8.646849656362166,3.3510917935156908
0.8263873597673841,8.66933418805179,3.3881881750462743
0.8263873597673841,8.66933418805179,3.3881881750462743
0.8263873597673841,8.66933418805179,3.3881881750462743
0.8281104131548576,9.200507049620546,3.3952526939349155
0.8562491879053628,9.878109839584166,3.510621670411987
0.8908405510489429,3.1880232583649586,3.6524462593006657
0.92439878652533,4.066361464996478,3.790035024753853
0.9350324958859734,3.879961797852977,3.8336332331324905
0.9518481399923134,1.8894142110630676,3.9025773739684846
0.8038546838081112,5.520815397755736,3.2958042036132555
0.8095150819934862,7.750110375066688,3.319011836173293
0.7976167883783042,7.594040449506951,3.2702288323510467
0.9086212666176342,2.6501311061528057,3.7253471931323
0.9175890110182414,2.2791864787638683,3.7621149451747895
0.8176324445670625,5.195809363714714,3.352293022724956
0.8653764524903236,10.990175620678965,3.548043455210326
0.8343561147400798,11.546043123374314,3.4208600704343266
0.8020110327777147,11.08229973719247,3.2882452343886297
0.8020110327777147,11.08229973719247,3.2882452343886297
0.7759710106547001,11.763601495260888,3.18148114368427
0.8129346671634023,7.319349550332442,3.3330321353699492
0.8129346671634023,7.319349550332442,3.3330321353699492
0.8599917374426348,10.56364098329943,3.5259661235148023
0.8517993107888497,7.446085808941917,3.4923771742342837
0.8941534475134825,1.3186106661722197,3.6660291348052776
0.9463264307462994,2.2260348197298825,3.879938366059827
0.9463264307462994,2.2260348197298825,3.879938366059827
0.7930100061954218,5.577186079914566,3.251341025401229
0.8680650256174794,3.3736359117974306,3.5590666050316653
0.8245261709950067,8.200400031068783,3.380557301079527
0.8217033328833621,8.439141843748862,3.3689836648217844
0.8315064295367252,3.829948349086572,3.409176361100573
0.8707635364529839,4.553699410894513,3.5701304994572336
0.927305160218566,4.919458087785625,3.8019511568961204
0.8587619422500817,7.157983474519153,3.520923963225335
0.8344894210929915,2.8160824650037646,3.421406626481265
0.8996471020466481,4.372087713486877,3.688553118391257
0.8946930636952495,4.908970946439057,3.6682415611505226
0.8313360468991976,3.3335880779107314,3.40847779228671
0.9051239799151205,3.959579077451501,3.7110083176519937
0.8811135144592964,3.7292286048066137,3.612565409283115
0.8721039424250758,3.892552250374739,3.5756261639428106
0.8458521514042598,4.953501066793134,3.467993820757465
0.8458521514042598,4.953501066793134,3.467993820757465
0.8688113726632147,12.690733458128534,3.56212662791918
0.803273337790848,4.326136236969023,3.2934206849424763
0.903219045157614,4.8353833704200255,3.703198085146217
0.9343890294098252,3.934189987691773,3.830995020580283
0.7716039348875495,1.9701327273560494,3.1635761330389527
0.7965860510352013,2.384576992834118,3.266002809244325
0.8322641991245735,4.54133085287236,3.412283216410751
0.8347690206971815,5.127390760612198,3.4225529848584437
0.8682940182032104,6.809353087371033,3.5600054746331624
0.850971432848962,12.83225136922262,3.488982874680744
0.848751248051197,7.156986214026151,3.479880117009907
0.8451989761967822,13.306983942332685,3.4653158024068067
0.8815703021684181,6.419921214283999,3.614438238890514
0.8274985931858202,1.8658565125451823,3.3927442320618626
0.8330808223832752,14.22065114393914,3.415631371771428
0.8659238004718912,6.03392633511384,3.5502875819347537
0.8659238004718912,6.03392633511384,3.5502875819347537
0.8436898274194201,2.6533136066730774,3.459128292419622
0.7835917823397506,3.5188796036372088,3.2127263075929773
0.8547959005833323,2.3688710068193912,3.504663192391662
0.8624054164245778,5.02898223887509,3.535862207340769
0.7890201063740568,4.082337487186644,3.234982436133633
0.8172310511047711,2.966342115881921,3.3506473095295615
0.8848150073004672,3.2589607062169796,3.6277415299319156
0.844281385531077,5.032281515185803,3.4615536806774156
0.8522969180365652,1.6494957847577039,3.4944173639499168
0.8411735846447379,6.3516556201374295,3.4488116970434253
0.830408817332505,5.490223593085115,3.40467615106327
0.839507559270754,19.72186905194156,3.441980993010091
0.839507559270754,19.72186905194156,3.441980993010091
0.8271544822888083,6.696020111651631,3.3913333773841137
0.8735560490102011,3.7944348542953747,3.581579800941824
0.8462850905479288,2.917521545963377,3.4697688712465076
0.8308949258955546,4.763497486534107,3.4066691961717734
0.8510168658293144,1.7726536313992451,3.4891691499001887
0.8018931592105225,3.383552435635736,3.287761952763142
0.863197709536512,3.3701256198930567,3.5391106090996987
0.8412353329827432,2.2977317122489955,3.449064865229247
0.8445624220544703,7.970853371168377,3.462705930423328
0.8375889618267803,8.554966330207693,3.434114743489799
0.7746731403352289,6.944920886975533,3.1761598753744384
0.8248164507107412,5.310402891833594,3.3817474479140386
0.7967429298181352,6.90138172140648,3.266646012254354
0.8191696165814341,4.571385439496592,3.3585954279838792
0.8627445493863337,3.3289879595234595,3.537252652483968
0.8656899318216394,3.5358783786448855,3.5493287204687216
0.8345057726360728,2.616980275152153,3.4214736678078985
0.8880744667437628,4.631164242545035,3.641105313649427
0.855554739244249,2.4659844041951877,3.5077744309014203
0.8777762878226572,3.7870466773041738,3.598882780072894
0.8166669699043733,7.6699884068845705,3.34833457660793
0.838256149725056,5.758514945363819,3.4368502138727295
0.831484367117638,9.144584517553065,3.4090859051823155
0.8249701085757196,7.203491621192989,3.3823774451604502
0.8473854503183622,6.706613671213279,3.4742803463052847
0.8374946878521603,14.266351409933916,3.433728220193857
0.8057782095204379,16.54382121025434,3.303690659033795
0.8057782095204379,16.54382121025434,3.303690659033795
0.8057782095204379,16.54382121025434,3.303690659033795
0.848700154867247,13.915351961428861,3.4796706349557125
0.8671333607300921,13.583599746601005,3.5552467789933773
0.8671333607300921,13.583599746601005,3.5552467789933773
0.8113371320811235,3.8508466821734215,3.326482241532606
0.7909854393657154,3.7542592561257218,3.243040301399433
0.8608866273654388,3.1799160206427475,3.5296351721982986
0.9219877001674803,1.676112189270985,3.780149570686669
0.8701629486006226,4.928863400838718,3.5676680892625523
0.8189253321784126,6.420045512009513,3.357593861931491
0.9068210691358135,3.048351847371104,3.717966383456835
0.8636175151250169,2.1540969008400763,3.540831812012569
0.8728478767982841,3.9828561778186633,3.5786762948729645
0.8416204541149704,1.295895137359587,3.4506438618713786
0.7798323755347849,1.923469654807705,3.197312739692618
0.8282787303227346,5.297822908433316,3.3959427943232114
0.9059895876531643,1.6299311629669506,3.714557309377973
0.8806206875577239,6.735236636382884,3.610544818986668
0.7911604101264226,6.929338212327334,3.2437576815183324
0.8268876007349311,4.805281996197988,3.390239163013217
0.8493403030649881,4.9641191369931335,3.482295242566451
0.8214627632995278,11.428334363637166,3.367997329528064
0.8836810785984756,4.59121944039359,3.6230924222537495
0.8893917502651005,6.704351409363261,3.6465061760869117
0.7845158319115877,9.831509174403081,3.216514910837509
0.7957648899913847,2.247737670894642,3.2626360489646773
0.7794290441953577,2.969324077166135,3.1956590812009664
0.761169415739628,1.9293067309487466,3.120794604532475
0.8165972376603069,3.699528563994252,3.348048674407258
0.8843441116242335,2.658616630196905,3.6258108576593573
0.8341255076221313,4.567521667494568,3.419914581250738
0.8058528236150927,8.278800636927764,3.3039965768218797
0.8146999199919089,3.0763668018637556,3.3402696719668263
0.8809808385547314,3.1033882771624675,3.6120214380743985
0.8809808385547314,3.1033882771624675,3.6120214380743985
0.8944394115517279,3.187069890059614,3.6672015873620842
0.8025184610496998,12.325715285573606,3.290325690303769
0.8559316219303847,11.807084012925856,3.5093196499145773
0.7761848960289712,12.867452945052175,3.1823580737187815
0.8558981960352018,11.446532202437817,3.509182603744327
0.8357978280956071,8.125118830872601,3.426771095191989
0.8583810660445728,14.30259068239728,3.519362370782748
0.8376315261967373,12.366548323959087,3.434289257406623
0.814729567467045,6.428912815943268,3.340391226614884
0.8080819042242339,6.652289416036253,3.3131358073193584
0.787957317960824,6.679856690987562,3.230625003639378
0.8287191704862642,1.814428862651232,3.397748598993683
0.774450906235154,1.6859281082006323,3.175248715564131
0.8163579106330083,3.8454552296814755,3.347067433595334
0.8245062928831284,4.638779801388502,3.380475800820826
0.9076476015113139,2.003012841042643,3.7213551661963864
0.7998588085321495,10.516352980418516,3.2794211149818127
0.7910453032890957,8.608230177123188,3.243285743485292
0.935322993828569,2.1226251936189615,3.8348242746971324
0.872897562828848,3.0629123597584744,3.5788800075982765
0.8672058229969257,3.796601351871986,3.555543874287395
0.8136088432989385,10.744967988435953,3.3357962575256472
0.8521632513548034,14.543463176972192,3.4938693305546935
0.8521632513548034,14.543463176972192,3.4938693305546935
0.8503176667569736,15.036922433437768,3.4863024337035915
0.8503176667569736,15.036922433437768,3.4863024337035915
0.8165329322059715,15.167144998287297,3.3477850220444827
0.8121120229621479,15.736388569150607,3.329659294144806
0.8121120229621479,15.736388569150607,3.329659294144806
0.8113662911561201,19.077219842651818,3.3266017937400925
0.8314089444082713,16.41256777266987,3.408776672073912
0.8170506808499856,14.780742420380664,3.3499077914849407
0.8170506808499856,14.780742420380664,3.3499077914849407
0.8170506808499856,14.780742420380664,3.3499077914849407
0.8170506808499856,14.780742420380664,3.3499077914849407
0.8645639561127479,6.144745267345082,3.5447122200622663
0.8301360797176773,4.56969642583602,3.4035579268424767
0.833118405813777,2.793937286818003,3.4157854638364857
0.843360874090126,15.668328348045783,3.457779583769516
0.843360874090126,15.668328348045783,3.457779583769516
0.8439814714595214,7.154080406638288,3.4603240329840372
0.7868884489399001,29.118815945280407,3.22624264065359
0.8575532772032467,8.771041815083034,3.5159684365333113
0.8892336845230204,6.613166980044784,3.6458581065443836
0.8391106227986014,3.9049539709513903,3.4403535534742655
0.8224043654007902,3.8541445964497525,3.3718578981432397
0.9129082889462697,2.0794806992632364,3.7429239846797056
0.8207197027496095,10.173095402345421,3.3649507812733987
0.8276350343326186,8.128016624478754,3.3933036407637363
0.8117086588016894,13.231274866103439,3.3280055010869263
0.8117086588016894,13.231274866103439,3.3280055010869263
0.8141281094175192,17.381265746283223,3.3379252486118287
0.8141281094175192,17.381265746283223,3.3379252486118287
0.8141281094175192,17.381265746283223,3.3379252486118287
0.8141281094175192,17.381265746283223,3.3379252486118287
0.9026563687548372,2.626973904376639,3.7008911118948324
0.9656180254166892,1.773056017557017,3.9590339042084253
0.8244412764482832,1.5483458248445576,3.380209233437961
0.8526461287221578,8.171770546865,3.495849127760847
0.8526461287221578,8.171770546865,3.495849127760847
0.8526461287221578,8.171770546865,3.495849127760847
0.8526461287221578,8.171770546865,3.495849127760847
0.7980582189641832,12.701773220276158,3.2720386977531506
0.7980582189641832,12.701773220276158,3.2720386977531506
0.8208714436944782,12.721556739804441,3.3655729191473602
0.8384317807083251,17.74017042638014,3.4375703009041327
0.8384317807083251,17.74017042638014,3.4375703009041327
0.8092338823313965,21.85709843768226,3.317858917558725
0.852762554730788,6.72049608841991,3.4963264743962306
0.8487850930848989,9.856396008580418,3.480018881648085
0.8487850930848989,9.856396008580418,3.480018881648085
0.8358557054409177,15.215762989726482,3.427008392307762
0.8358557054409177,15.215762989726482,3.427008392307762
0.8468738118151389,20.33846286758972,3.472182628442069
0.8166567145614896,10.65289715249208,3.348292529702107
0.8604515678710163,7.670200644126657,3.5278514282711666
0.8962296086524598,4.016729355327291,3.6745413954750847
0.8751878300157038,1.419839448624784,3.588270103064385
0.9372765994284712,2.2927263347760514,3.8428340576567317
0.8430457578017542,3.503325126997123,3.4564876069871917
0.8430457578017542,3.503325126997123,3.4564876069871917
0.8249595727366427,3.519003934275911,3.3823342482202348
0.8244947513652097,5.96030596784928,3.3804284805973595
0.8323524159657898,13.15129545813661,3.4126449054597376
0.8323524159657898,13.15129545813661,3.4126449054597376
0.8094740581166752,7.555739407036421,3.3188436382783677
0.9140976892075507,5.990742726564244,3.7478005257509577
0.8372106342870722,4.630473387086347,3.4325636005769957
0.8246416018903125,6.1682891306355145,3.381030567750281
0.9000077698853336,1.4976199262891945,3.6900318565298673
0.8709921794773537,5.690898294058629,3.57106793585715
0.8202757547572833,10.962719843893822,3.3631305945048613
0.7980339861718614,13.447679964566438,3.2719393433046315
0.8678869811388134,3.733561656347029,3.558336622669134
0.8223829557045812,13.28753272216878,3.3717701183887825
0.8338808258248325,1.7638723055822885,3.4189113858818128
0.8225181219118372,6.315879666863091,3.372324299838532
0.8225181219118372,6.315879666863091,3.372324299838532
0.8225181219118372,6.315879666863091,3.372324299838532
0.8167511675180494,6.483612216840076,3.3486797868240026
0.7729800213616524,8.442854939045121,3.1692180875827747
0.8609475335975482,7.5693205963989625,3.5298848877499474
0.8609475335975482,7.5693205963989625,3.5298848877499474
0.9388880698016234,3.31170805031609,3.8494410861866557
0.9166889246070603,3.2283589385491243,3.758424590888947
0.88122891017779,1.7200712249591263,3.6130385317289386
0.8839864604206841,1.607808756025864,3.6243444877248043
0.7818745381513693,3.73379005532258,3.205685606420614
0.849901847195844,3.017972963341185,3.48459757350296
0.8925833599400167,3.5729640124525806,3.659591775754068
0.788879811299434,1.8438897750728984,3.234407226327679
0.8663271527287406,5.052786783972793,3.551941326187836
0.8124566290505492,5.487416532024603,3.331072179107251
0.7965603619507556,6.451908765521046,3.265897483998098
0.8330711098233039,2.6653952593248267,3.4155915502755456
0.9089780912196846,4.38577301070736,3.7268101740007067
0.8849262553122736,3.8323167192712027,3.6281976467803214
0.7847318390307942,4.265515536391533,3.217400540026256
0.925100803883371,3.9223046053041557,3.792913295921821
0.8992026928289792,0.954863540291099,3.6867310405988145
0.8151139605472567,3.0407291103539134,3.341967238243752
0.8506416077135036,3.1184765871900995,3.4876305916253645
0.8477517878820735,6.4226783166119885,3.475782330316501
0.8350796336317354,4.065573338784619,3.423826497890115
0.8717833709701283,7.711984183247386,3.5743118209775253
0.796481315342943,5.144364993828288,3.2655733929060657
0.9008309424643963,4.249749005360599,3.6934068641040247
0.8339084890552526,3.618121828465606,3.4190248051265355
0.8533847267773755,8.943572849859512,3.4988773797872392
0.8189165602094581,5.726918116252272,3.3575578968587783
0.9204873055247782,1.6094950643249712,3.77399795265159
0.90843279869416,3.2574785066987544,3.724574474646056
0.90843279869416,3.2574785066987544,3.724574474646056
0.8001456254396888,5.778869187003219,3.280597064302724
0.8629552945853147,5.61341167488222,3.53811670779979
0.8386878580226745,4.952152655081743,3.4386202178929652
0.8201862014355491,2.1641588095510627,3.362763425885751
0.8862855026385017,6.1805628588471055,3.6337705608178568
0.8352063571214061,4.905506054016079,3.4243460641977648
0.83838979044094,12.680938995155897,3.4373981408078538
0.8078853777825298,4.01988529538968,3.312330048908372
0.8059510676179469,2.0097943706379526,3.304399377233582
0.8085267378423646,2.0015229332509157,3.3149596251536946
0.8627308436729331,5.108151952857243,3.5371964590590252
0.8257109219162764,6.3206805143480915,3.385414779856733
0.8158201168287625,4.652458704755655,3.344862478997926
0.8158201168287625,4.652458704755655,3.344862478997926
0.8097239132916524,11.431045850888502,3.3198680444957747
0.8145546997436778,8.584098903885417,3.3396742689490786
0.7971275497826026,7.110212784177723,3.2682229541086705
0.7971275497826026,7.110212784177723,3.2682229541086705
0.8752238667581929,7.97753455912141,3.5884178537085902
0.8752238667581929,7.97753455912141,3.5884178537085902
0.8752238667581929,7.97753455912141,3.5884178537085902
0.7935227921872087,40.8121491652809,3.2534434479675554
0.7935227921872087,40.8121491652809,3.2534434479675554
0.856453877334156,7.610587984077907,3.511460897070039
0.8523529983709653,8.775975005501067,3.494647293320958
0.8684568488415195,10.185087771785735,3.5606730802502295
0.7985176421336868,3.266138817634408,3.2739223327481155
0.9005471095272769,3.6096228025584827,3.692243149061835
0.878950174717887,3.200052087262406,3.6036957163433363
0.8457848380240256,15.282193853377047,3.4677178358985046
0.8803486100187677,7.845311406807801,3.6094293010769474
0.8995202997107457,5.986222798102719,3.688033228814057
0.8995202997107457,5.986222798102719,3.688033228814057
0.8449603917237022,5.212669278968689,3.4643376060671787
0.8386433637655375,11.12852532819739,3.4384377914387034
0.8580598786142335,13.423721861582063,3.518045502318357
0.792128722826841,9.813911070597387,3.247727763590048
0.9156954012756425,1.957751096972476,3.754351145230134
0.8870474809417531,3.464689777535527,3.6368946718611874
0.8874990324665305,3.1886388716367295,3.6387460331127746
0.8055313119214407,4.370469836885888,3.3026783788779066
0.974612930605717,1.8894250608991212,3.9959130154834392
0.9463066608811768,1.5644178326181077,3.879857309612824
0.8332459500496903,5.232941970599121,3.4163083952037296
0.8571827490947793,4.143606188227676,3.514449271288595
0.9238865725751856,1.7319250503834298,3.7879349475582607
0.8889832106926724,5.281980295630091,3.6448311638399566
0.8333453126005598,1.7647662492111051,3.416715781662295
0.8534216634096191,8.298092660952108,3.499028819979438
0.8119565606858271,2.8190311903889476,3.3290218988118907
0.9528441108974625,1.3810727004252312,3.9066608546795956
0.9528441108974625,1.3810727004252312,3.9066608546795956
0.980396579385524,1.3874162275433757,4.019625975480648
0.9294265322400925,1.6203808483355,3.810648782184379
0.7967886246046763,10.026962563711047,3.2668333608791724
