q,rho,seed,phi
0.3003931462241966,0.009326860704405422,91.08225913484283,3.551251938091043
0.30075332568224494,0.009227256424459686,94.42801060299428,3.6740436457307775
0.29551533003239355,0.01018057661469135,89.23320868472982,5.0444963391231195
0.29361505449874403,0.008885470366722412,98.73755239571516,9.374439441872909
0.295398268831813,0.009475039629944077,90.50405767256527,4.570884272067909
0.2983003113935683,0.008125700643296978,97.25483376789641,4.548670201427532
0.29108635714731695,0.009227561619732996,99.0836989735157,7.155654900023289
0.29619865120803013,0.008511524468148488,94.497855816665,10.296899806376311
0.2955230234429505,0.009238930666599508,99.31980972877894,6.245333553598219
0.29717295319458087,0.008540564329744003,97.6946459002511,5.843832701193712
0.2920826534699011,0.01111063733295449,91.57447292761715,7.290215735097703
0.29321910940454937,0.009466232949249167,96.70124536042736,4.974833626534219
0.2946252396365832,0.008866655312718071,97.76941598159297,8.543348646522432
0.29531964467312805,0.009267927800857945,96.56016012979264,6.563850102825115
0.293008195972603,0.00877332892347206,99.1313010821978,9.603540602202447
0.2969158797314582,0.010128910224900096,82.11375998177036,8.110993412916933
0.30035434623161167,0.009785962758082148,91.61021095288937,7.466984050162897
0.2954930977514101,0.008818597215616487,93.96390529211048,7.942531053147821
0.29506485533004306,0.009210848588513912,97.15231992793882,7.828145381762944
0.29679808244037564,0.009134943664847326,96.34051474865672,6.89461785138439
0.29363585016483806,0.008673789532507914,96.08501821622517,7.557482813519782
0.29368560915903,0.010337585338672246,91.88718784405577,6.730332207758155
0.29842179954716835,0.00916414026637934,94.34458877876304,5.56307516980317
0.3003022996472019,0.00912174478836894,86.5507255914346,6.296136876219129
0.298802444896613,0.008645132528129575,87.40440530437469,7.20694512759512
0.29761405834488197,0.009240216843041344,97.18885153527117,5.121655418626094
0.297489438934692,0.00939008796506103,97.52128047833966,5.167804220083108
0.29821157227456485,0.010140770790516545,90.95598242072394,5.912971743839851
0.2960282246274472,0.008451857179986883,88.08486696224553,6.953715613299786
0.29087882691974215,0.01005334784314214,99.81954118797154,9.890377040441653
0.2913788758451554,0.010394628146195444,99.75150829287597,5.019231154283634
0.29314571469507694,0.009422718287514922,98.95339062792893,6.934067112827684
0.29669717812657653,0.010044519692851788,94.8940760296311,4.20619008898805
0.2998821985026726,0.009992532595553126,89.25975902926375,5.343929120707314
0.29605607109210136,0.009868205490429074,96.10116543042177,5.292315042510321
0.3014034280352642,0.009297244045560808,84.56045847553679,4.296811266245822
0.30260902140289986,0.009713066744171023,93.10856756863483,4.283132326115809
0.3024107573313748,0.009288421517533608,78.9308945234857,4.348390666271532
0.29331811169449606,0.009491556107812972,92.30212933868442,7.831447040599201
0.2953764694939394,0.009108247695067215,98.86671150858263,7.86962324496411
0.2959270407653752,0.00903269377175243,89.1311674550574,4.710419723430098
0.28927279189557104,0.009131088491004843,99.94082802486264,9.575160228103206
0.2925625202613812,0.010155860271641493,96.80625942074792,3.2897201050885196
0.29712944504793043,0.009349441678431686,80.4733689494951,3.941978772300468
0.2923368168466477,0.009039413050414283,96.77795267027189,10.919552251495913
0.3026995748919339,0.010131238508676945,87.36944233534716,4.561085686506054
0.2929406022558947,0.008943870340876375,96.18154591810097,4.367792530322648
0.29711016036983084,0.009498511102210755,85.66630027144345,10.966991877651846
0.29374844501444064,0.00916879033465252,96.84003184824917,5.010866677057925
0.2941052070434559,0.008890187217386738,96.54626061908088,10.133882639412185
0.2989937954685243,0.010090453241187881,96.49962242766244,4.509121172563361
0.2984864485409244,0.009568932984282769,85.4655610370272,5.1018817888857075
0.29285925431349397,0.009739848452381981,98.12330522184084,8.403938955101772
0.2947163678272715,0.008779924370596196,98.66162490321982,7.67348283068484
0.29331812877950103,0.008465905216759061,98.4147503203863,5.318916217942188
0.2961559217447146,0.009976838935869002,94.22268448166066,10.255400723169277
0.29321464030842614,0.008741752532039602,96.32690708059903,6.0067439614765545
0.30067158160761975,0.008493811360200255,98.63351406091188,6.860797903010233
0.2958487220218162,0.008492135507263018,93.33732436422275,7.378474575657851
0.2935678248044155,0.0087110986387847,99.83462075748994,3.422381950709554
0.2954321929873172,0.009376228460421715,99.54252042412996,4.496336291101021
0.29448403091074876,0.009869002005098996,85.80766404430602,5.526719586077057
0.2980415363796755,0.008777931255549879,95.16509384802283,7.727542497556903
0.29689968425148716,0.00962442277849954,97.04394287546668,8.371497301613731
0.29636156127260094,0.00906500709167302,97.45190515192505,6.332860699668381
0.29509404326353805,0.009154571917910331,97.81459043337533,7.365749132497864
0.29631467947270723,0.008518274172994047,88.0688144811491,10.189236437316051
0.2898644423242558,0.009518006409957577,98.6445564825855,6.466919098071024
0.2937180185704785,0.009695057215964191,95.4361760362152,3.754789077675006
0.29435016753644344,0.009160738955113708,93.0249390776704,6.682620512915642
0.29613068387503383,0.008675293738843359,94.88518305081786,5.29176943102785
0.29793003517216654,0.009161452630326916,96.97887168012936,5.163555116275656
0.28949928573526956,0.009740009705227249,96.36480383631275,6.436487992029102
0.28841830664405016,0.009384685854445952,97.69614577268756,6.730905471077836
0.30139568617250795,0.009247764130312072,93.18059515517234,9.055801297315107
0.29452864734203693,0.009374134455163202,93.92427157279492,6.92049697956904
0.29452864734203693,0.009374134455163202,93.92427157279492,6.92049697956904
0.2980078265051352,0.010257182594037868,94.93556316258137,4.630864777569024
0.295098400673062,0.008822391671014798,98.36807707206268,10.586651802343445
0.2917628177696783,0.009657630032302248,99.8497594498693,5.163714727250609
0.29345909198188225,0.009199666341802474,99.92938009592605,9.575095503208596
0.2946239197536336,0.00938246643403003,99.52355723142468,6.106055996855995
0.29835207905669064,0.00943977699921194,94.7027160474642,8.95175972948124
0.29835207905669064,0.00943977699921194,94.7027160474642,8.95175972948124
0.29434395831418464,0.009199231155360147,97.16061215802254,7.147602217215706
0.29627323096011954,0.008939996112794214,97.67643163162103,5.962985099403311
0.29237873324200514,0.00997812109105754,99.93750780199345,8.274607692680608
0.2940539749530001,0.009097868258373849,99.9924074710333,6.328248333691711
0.29316396854342774,0.008372474045977817,99.99324424315162,8.085344395850004
0.29165578067204917,0.009416714123324722,84.80323060116604,3.841094353142206
0.29165578067204917,0.009416714123324722,84.80323060116604,3.841094353142206
0.29400650675377105,0.009713663966635588,94.63828477158353,3.8658703478776406
0.29536804365702685,0.010097609588936109,96.5635369846601,3.952320403213654
0.2971956679779289,0.00872365659735539,91.88549029212378,5.8522746654233355
0.2997686782024515,0.008609577579763047,88.4618106562977,7.593534597381286
0.29782155990599224,0.008475255242300198,96.45541038552061,7.254362729644835
0.29488586133992833,0.0091779026139352,92.47575883353106,6.558992659549977
0.2954196174174342,0.009550371982513284,97.86132558579543,9.12741867395695
0.2986331799487865,0.008618793655926047,97.59893188114093,6.423025189140975
0.2939288411156979,0.010567720966221245,97.18491969600548,5.585831069255646
0.2943535052574139,0.010485797371138028,89.19186415565048,5.034724789486868
0.2968444390582039,0.009566814761326963,95.79318733811002,4.71128550245446
0.2947769203955932,0.009527437696216768,99.24596866094807,7.084065429758995
0.2906973404945765,0.009546107154811034,98.71022508810071,7.0560904340489365
0.29298612865372564,0.009541721556086926,98.36870431918447,7.465501602316297
0.2952525416536019,0.009160233462277949,86.93198510901799,7.5389891365983965
0.29650429428872827,0.009727996454337001,87.34405399739111,7.425867930663049
0.2928496329744357,0.009485835773836673,89.76430323657742,7.641219382963599
0.30093514120295806,0.009929344958489652,93.4880025537662,4.924781024933452
0.29087543693556533,0.008893329909996615,95.42371666621248,7.807741860715262
0.29288534068298716,0.00884926576374151,91.76989016498239,10.79486458752598
0.2941630990393417,0.00950891122131026,96.07366844446459,9.167194585002221
0.29752347836002535,0.009605731523684564,91.82573050609045,4.237814911917988
0.29852783548795075,0.008141069721065965,99.24587794879466,8.327995736499332
0.2897530735449821,0.008802132427226455,97.67297962029822,5.270715164182347
0.297445213123502,0.00913655803601857,96.16773056723478,7.304915488942455
0.29211602588906876,0.009781700326035116,95.53619768161451,6.4154832860467295
0.2970862732942726,0.010579512741380335,92.64773575569404,4.810456620451086
0.2956180358548461,0.009973681599034737,92.76643593488022,5.580056775669451
0.2916083110880178,0.009205319814752675,96.59981268814101,6.087657556192463
0.2962655030542154,0.00912368262705987,96.32399835133936,12.494669109118943
0.2928082227769943,0.009331517226866624,93.52645940072223,6.3259383074847655
0.29159609207180326,0.010442876183995278,96.45720731096219,5.784826647863234
0.29859643568169064,0.00866485814259981,87.68292221432462,6.312350334753437
0.2934466641068022,0.009339025002013727,95.01768909362613,9.900751478091523
0.2967305111130345,0.009443754464153516,96.84423242277681,7.5456590841850835
0.2936636329308919,0.008920459963838431,96.0513494664402,6.291979286494776
0.29767679266305885,0.009832136090888257,93.35521068311357,7.458842685006257
0.29715964070836076,0.00975407008666498,90.60593784787868,7.278691639709186
0.2970582202532718,0.008959234785708658,98.54214339321871,9.311390179077229
0.294980596790129,0.010401854249408073,98.73713665244607,4.0980944458756845
0.29425036049231484,0.008332855176427728,96.19978134187505,12.211636617547255
0.2953746848067153,0.010112632098753682,98.3266149188327,4.479835881581749
0.29480159841354076,0.009957381239037617,86.9135621124902,4.139323424113199
0.29665815563542314,0.00842509678023724,92.46092257014546,11.991069776928498
0.2915514099393564,0.009967707559442613,99.44540749645398,2.37818207032162
0.29078742176757677,0.009721001619983839,99.78898148731496,2.400607486082867
0.3051919887894965,0.01073562936162116,93.28039275481558,5.274384791450771
0.2998958811332506,0.010797784510772727,88.8477082819851,4.446582721382292
0.3017365831418271,0.010918507186402453,82.42270298446988,5.552018222323208
0.2961714973784043,0.008546894928205661,96.52084426561683,4.909279673859334
0.2914085094447766,0.007989175121391676,95.31765259653899,3.872962192382283
0.2915161567075196,0.008112776042673409,97.06974150653544,5.95126041906283
0.29410581543256736,0.008893335615067013,99.6887426299059,10.377031982856886
0.29640864056523386,0.009778204338688739,87.19128617073895,6.000069673320357
0.29316481325233734,0.009722385768719172,88.80883540425496,4.7985822702579854
0.29426088313698484,0.009167427458213407,98.85059417421189,5.203353325539505
0.2936862154183786,0.00902201306830884,97.92753230358166,9.581774168736874
0.29553968709725553,0.009686443639224131,92.76611401050867,4.559460844839373
0.29789473489298157,0.009640818572790037,93.14960717381915,9.46346360079602
0.29546800664513634,0.008597968624784725,92.60659786168934,5.5331811570147185
0.2923198103525722,0.009650025407356738,96.570912163344,6.3247113627771885
0.29223666641809803,0.009930858363371403,98.07011619693286,7.129381735893616
0.2939188507950406,0.010576637666837356,99.93566594126213,4.951550644471266
0.29533981972178985,0.009966144688109212,99.9892964355504,5.158927519469044
0.29295294969396835,0.009103850151926027,99.90297295582768,8.049695761529794
0.2965710810239165,0.010808969565921978,92.40756002135382,3.937389523408072
0.2927685587940802,0.010059597173819285,98.00595790799686,3.9874926826023116
0.29598174619459905,0.01054510481925602,95.16134271580493,6.318099444740543
0.2957515497798115,0.009742913635339506,98.21281073293395,6.162418203266643
0.2940839318237084,0.00820294967969889,90.52740553300232,5.814288043341018
0.29935371105297987,0.00968129166435468,98.1940728118197,4.766561266469608
0.29929339535772614,0.00989736216566631,95.81234219523921,3.929451977625374
0.3015361050473891,0.009805138717213484,78.79692416341092,3.8629077350876813
0.2990413800168091,0.009772771607557733,93.34140803964853,3.9474184461405493
0.2969866712640257,0.010535263604592164,89.91236911400128,3.2536058669833507
0.29203232733576134,0.00951035214241771,96.85925007410057,9.877870797802611
0.2984677921654259,0.008608623694198174,98.16854522331688,4.254879964927724
0.2959990338035314,0.008378719994633372,92.44010667975719,3.7696450525960845
0.2984625295011486,0.008532616891544095,89.51492813138356,4.178058046458679
0.2954468941833239,0.010878599166983562,82.184432117414,2.997203409447226
0.2954468941833239,0.010878599166983562,82.184432117414,2.997203409447226
0.2930438809425912,0.008246313143852387,95.96182777082434,12.017447400639305
0.2926108987822846,0.010194969550022852,86.3947191293927,6.683625085163152
0.29431552380823245,0.008312979741467203,99.97387853512187,8.640122777603057
0.29431552380823245,0.008312979741467203,99.97387853512187,8.640122777603057
0.2919222069210021,0.008749785084035063,99.97190073457786,6.114771599916527
0.295447991327072,0.00924125234230743,99.8544072780269,10.468600680675742
0.2918267309752928,0.008720016340240402,99.52900049747844,7.562445909945319
0.2981993898178551,0.009286514072159639,99.81502606942394,6.12793365923337
0.2920620648493694,0.009300747946627958,98.28040308842694,6.814601141422835
0.29989986884250075,0.009203164288643227,85.31820917332857,6.917388201410368
0.29989986884250075,0.009203164288643227,85.31820917332857,6.917388201410368
0.2963858304922079,0.009042608185757035,84.58585146373481,7.3359323599348345
0.2913718744287858,0.009175394995273266,99.87881284013322,7.550254191400783
0.291530858259174,0.009720799703776657,99.77068952266261,6.487087563325612
0.2938935468207425,0.00928625199210972,99.74772191425258,11.73494796707942
0.29717949903063307,0.009066437168296283,96.77942613681569,6.83321761860435
0.29660728588935814,0.00933515262904238,97.39061818232089,6.538880381998014
0.2961014289685341,0.00994038343791576,83.93265368053585,6.362414000794288
0.2969579270716458,0.009716465898674542,96.26003035273489,5.778855395258747
0.29416104718998004,0.010113111526625376,98.99993301708847,4.143605721852891
0.2940740258220655,0.009303731764467832,97.62308955384889,4.475169714988439
0.2949251191643368,0.008798130145268323,92.07452788546836,6.332944979482179
0.29859752773313125,0.009111387701125084,97.69683020451286,5.145185309735498
0.2945970813736054,0.008826547371119414,94.60923534686495,8.66780209406131
0.2950291175902389,0.009062192164199234,97.43656774165933,11.209818257863557
0.2944195462230298,0.00951347382770205,94.84060998003459,5.672321474963091
0.29194636100306925,0.009549192810009377,95.20482296228106,5.356477139381645
0.29549322826195745,0.009193273420276874,86.74526354044697,9.46807110553263
0.298497758113533,0.009262561732202433,97.80357747978229,7.07116464058934
0.2969366000212918,0.009578610543860482,93.14399511509019,8.683310257303859
0.29275610136464836,0.009738350829971168,95.07054648302088,3.891345428405142
0.2978682850836692,0.00874412920568092,96.20973940194214,13.449633110665129
0.29094667860083134,0.009243898511280959,95.8017748977968,10.528137531051465
0.29891275278318485,0.010256372693325699,94.05054379724345,3.6781880650076193
0.2938377071136992,0.009261253116085614,98.79744785645042,18.03138663891522
0.2931499381290571,0.008500504494252376,98.32431905654786,9.307349134893762
0.2958253555878756,0.00865207841977507,98.69874127934978,7.832272555033228
0.29473704862695227,0.009881779919892478,92.56363796209611,5.939312444268214
0.29648990678155024,0.00999731887934686,93.61689580829226,4.5601123836861674
0.29625229657493046,0.008599700957525897,90.72540412910269,4.725923846835672
0.2962716890242318,0.0088153379628996,95.44491405724959,7.612550390031219
0.2937638102872726,0.008650568433405443,96.294897593914,13.07600679224457
0.2955274276421537,0.008422195233572259,96.11705893345525,12.468732856114741
0.29429257856878144,0.007737888848138222,99.79366474466556,4.465508836172081
0.2940134471310533,0.007865654898830416,99.41713897844888,5.398062732282659
0.29437445009979435,0.009545585910524033,99.79619919739378,7.27140906646551
0.29546106180634374,0.009263137568573717,95.68634670143405,5.270871028407415
0.2902142704928094,0.009606769850943376,98.22401901232249,8.241131475204682
0.29133794919114586,0.009324200229208036,97.79583697582059,7.699503612209499
0.2963259209661681,0.009978083882579918,86.82297908740432,8.616163011195635
0.2983209538329318,0.009697915284849118,94.99829789219925,9.49955251817257
0.2949275428582705,0.008956185451052236,90.0589360147558,7.090260490954553
0.2973776674877474,0.008794316638998453,95.97829420616337,11.226200052702936
0.2943293196286766,0.00877785791428775,95.8909549035281,9.455657960865702
0.2979080835085083,0.009170824771402249,97.82878536272253,6.7569308410197815
0.29706304223535573,0.00921264807698935,97.50359824759589,8.193249634377695
0.2933760099800431,0.008991176860926185,96.30905827249046,5.27045597465953
0.2933760099800431,0.008991176860926185,96.30905827249046,5.27045597465953
0.29563100958632443,0.008865920755127217,96.77198127196142,7.372997537482461
0.2962710139434812,0.009157462134961419,98.50228779854937,7.712501752807889
0.29018071040076354,0.009257274412005818,99.48226743464723,6.569727602938011
0.2968828105412019,0.008780208187649005,99.34066912895283,10.57834750629884
0.2909265447436116,0.009667647468305573,91.01277417395356,5.341199348101059
0.2909265447436116,0.009667647468305573,91.01277417395356,5.341199348101059
0.30338631960996004,0.009704188825364647,96.32541120856082,4.035190716826939
0.29358255969612795,0.010183598161052358,91.58426562876934,5.097961931579784
0.2997525642153775,0.010587135625395032,97.56692699922412,4.123978227791563
0.29764368502423283,0.009736170844741824,83.19258976680516,4.345285974831843
0.2886705779575,0.00926342507549155,97.79054267180703,10.209146758821955
0.2961495770299254,0.009342744871061584,81.28281823508952,5.526444166003053
0.29599301935838646,0.00907739773768089,92.08623179707313,7.6717300310943255
0.2954070541410774,0.009475640137130419,96.1875134342245,6.5524447953254725
0.29592551329205,0.00935933060937522,95.10251686178037,8.241683068342375
0.2920580766469631,0.009486695183784269,98.30422741253564,7.643435481246027
0.2956750756575813,0.008537145904140018,95.83140209519249,8.238452116481266
0.29934735128402074,0.00836463481798678,95.68437362772225,9.040236313876022
0.29258639771125505,0.010256688962399316,94.65779180620463,8.471003095028902
0.2963737082278964,0.01013494887535317,91.49022126637222,8.088572618989277
0.29702269109618046,0.008959456322559362,93.55868896711836,5.7547806866961935
0.2965852564756402,0.00934357472698364,92.47498605901139,6.740062055263054
0.28923096619028543,0.00982139060453743,97.870245615903,5.935642193697241
0.287508941900143,0.009480553483085047,95.74979928117914,6.614383850917653
0.2900408438004205,0.0098446213921798,97.4947994705779,6.75438823809043
0.2965201844500776,0.00847390929537333,98.07614183310301,4.659194893629969
0.2919826493457191,0.009520917476876632,98.80225975597317,6.523854005487037
0.2965804109153675,0.008827135380572778,99.62796459650701,7.53278354494004
0.29343133051785897,0.009208108869624951,99.85021997793552,12.271747951355735
0.2938847589225449,0.009701143877244463,94.79647226997716,3.9037466679774724
0.2968985246330858,0.008830052597105814,91.61775790376512,11.811996355420217
0.2946663883773893,0.008569145235089873,95.70902147941275,9.1525255949208
0.29240571577015606,0.008710503580381296,95.78189750764196,7.89454867511154
0.29500931198233776,0.00962146579394435,99.27469834398983,5.484050216525469
0.2954812719683381,0.009319475279184301,99.78879194713299,9.983640433357877
0.2942481081274717,0.009083264990523698,99.20904858469623,9.00223931243448
0.2950149570627957,0.008462293211151831,99.44479822884412,8.205924421473975
0.29392600785649586,0.009879061494496286,97.89435512934818,7.336759582655264
0.2966832322979777,0.01025356336614467,94.19791970263621,8.19412668180317
0.29545904482744834,0.009274065304485369,98.12422069295614,6.603646908599782
0.2935216209181963,0.009099792321056361,95.5818520159294,9.445060439139535
0.2960952398240417,0.009414183107623212,91.20907218197793,6.767978226489117
0.2932298461979707,0.009090291738741527,97.42923132036911,6.038886633788995
0.2938986112215211,0.009363732089077016,88.61731555458856,7.040192411645029
0.2984251918768154,0.009372943029652286,96.35800856058772,7.18192239007003
0.29425851557809535,0.01043878886552613,93.71340463915676,5.691925203430081
0.2964830200268334,0.009226227313416553,98.71189518041784,4.579368185447745
0.2922744713524517,0.009730052746050263,98.73924540549149,6.327678948559483
0.2965546352755513,0.008773224082562432,90.89484992926727,7.096304155572403
0.2932670439959952,0.008938955482101767,91.82233646768186,6.2797340664967045
0.29479082968879655,0.009197455821737324,99.68091688745183,9.516469502144734
0.29156464527464077,0.00956146857482073,98.32654677480963,6.231892424401913
0.2901248702339419,0.009486379509978292,98.57637023137264,5.441069390178496
0.30115598894627765,0.009149326650526143,89.42588435035087,7.294790375384055
0.295947618999541,0.009370060175034469,96.88749829814476,7.471555838988284
0.29924443305928955,0.008686665397439315,95.91067170134204,5.346899766747514
0.2938437146465493,0.00845477516646613,94.57669412037156,5.411857427756686
0.2881448661631773,0.01037508575599655,96.80328388128943,4.6272531359397515
0.2977459239751093,0.009174294681821099,83.26839335620154,7.055394542793256
0.2971301161415268,0.009037065303227294,90.31420237763864,5.798857153191605
0.2974340484821847,0.00883795859149164,99.88926997321836,7.589619173476681
0.28791094373366777,0.01063307344805451,99.98463907504659,3.988545388264365
0.2954586925875002,0.010594313945278502,98.97706555087913,4.099845393830776
0.29837554912258085,0.010459306582591973,98.8623355485114,3.6558765493356864
0.2896256701069673,0.009216735739817461,96.71300113697221,7.829581844774653
0.296102491995877,0.009106810537686572,99.97759108363552,7.189789265861878
0.2966452000190671,0.009470343489326967,99.96981539367127,7.590833045922985
0.2925790980243981,0.009707308734463491,99.96958023432452,8.343895781387971
0.2978058943721421,0.00991636461046132,99.93184583652575,4.514113587695482
0.29850428199801027,0.00974770104150642,99.85971076173288,5.499676885468254
0.2917616675439759,0.008533847503442212,97.68639466973245,7.144824638102119
0.29177148759929655,0.008869081336104721,97.94298637385533,7.238064408381064
0.29288763133742796,0.011793361948635329,93.42888416791283,4.730520663392415
0.3000190266922256,0.01003930352604597,93.04137116964394,5.243927195502027
0.2933493050316574,0.008804822975670687,99.37974636523471,8.844691511733508
0.29522906079390754,0.008289781987918812,99.52710014843827,5.589039876278633
0.2922904330722426,0.009871167431517936,93.88229645876736,5.709907642500386
0.29838594409188457,0.010033762415365535,97.03078022313768,6.66905309545774
0.29409952207458895,0.009197285978002356,96.23827512216661,5.719391977382255
0.2963866831424986,0.009735877211999491,93.05899587847432,8.233087888570434
0.29889716089880064,0.009682608206834833,92.95017275891655,6.990060616867801
0.29308586303415496,0.009419867121809544,98.93065999800871,6.228724819713273
0.29751702786590944,0.009159309494137787,82.53499520816624,7.322096853138162
0.29124067508674656,0.009703709669461463,98.02713562070365,5.696701638546074
0.30084503081415276,0.00878796427396085,78.39377193785077,5.477467406577997
0.29131759697086684,0.00966427595923059,95.0804357748508,5.441299074849482
0.29449998215491247,0.009744012248970542,95.32975912230435,4.645277756365573
0.29254657436354975,0.009610562685183212,96.918987795655,4.101961590784336
0.3028125877721352,0.009223848101491464,83.56934402069965,7.689469850120533
0.3028125877721352,0.009223848101491464,83.56934402069965,7.689469850120533
0.3028125877721352,0.009223848101491464,83.56934402069965,7.689469850120533
0.2993302454813965,0.009801658043153728,86.90027003097421,6.906360301202608
0.2934609454079794,0.009544113540681475,93.66070248560672,6.413501135058976
0.29256198456189086,0.010073633000958187,98.41725579151633,6.851045370668329
0.2948408114860778,0.010359577915372238,91.94039132232504,4.847840603923895
0.29673222584809,0.009789421107335852,92.81992770670367,5.909468023439435
0.2965550094908484,0.00878453942009812,91.22486604972542,4.477591359156185
0.2959085221489057,0.00854908598853381,97.85867483358365,4.4868535545292225
0.29594826289089426,0.008890769002202814,94.3336421805032,4.418233253673053
0.2988228928098152,0.009396693069624203,96.06870161299554,3.5050951357290723
0.29807273161490494,0.009157698572571961,92.48960997608066,4.03231213268689
0.2961671073401237,0.00941146425972627,89.29180801995435,5.004075080305277
0.30094377910941605,0.009390039351994926,89.55984971765415,6.148525720858594
0.30094377910941605,0.009390039351994926,89.55984971765415,6.148525720858594
0.292529079661167,0.010422028516419695,96.49432939532684,4.455247741909491
0.29443501667854416,0.008652019090829285,94.84009928392558,5.876879286250338
0.2978512269325575,0.009409781047908707,97.08224877082552,5.476957246605954
0.29060434744560815,0.009319277005855053,95.468376112203,7.3087899115849515
0.29336946228794686,0.009623062248479811,97.89090547006427,7.52653461062518
0.2957282013548465,0.009653147965307987,89.28154839530231,6.407375157783196
0.29344078896845455,0.009035102905254153,97.19492205115236,10.326766759036751
0.2974545339466632,0.008989746641198282,98.18280990385063,10.43673498423891
0.29361348752688327,0.009932908179319716,94.45106074700152,5.585745080048151
0.2981176807915817,0.009567513078207409,95.44308804811081,6.764254698080623
0.29845357287459295,0.009368652077308137,86.83042027212282,5.181366471335728
0.3008759129342916,0.009107501342666538,89.60048292859133,5.426599243252376
0.29545804584429125,0.009826458258094972,98.89867461318654,11.580826830427688
0.29801391447550013,0.008509526112385075,95.90660537407483,4.042127010673356
0.29512549537368427,0.011314815785753059,94.86767009522667,4.623655781465114
0.2948298721275512,0.011230345779809497,95.42086663849425,4.632688483938013
0.29314024790844156,0.0105286274980615,93.87580208058367,4.772188719375432
0.29432622031698946,0.010298315720010203,96.72035204453825,5.65676220959983
0.2967462699577038,0.010435528928305557,98.30270330227329,5.734628888762538
0.2965712756110804,0.00837380707954604,94.83271904951495,3.871553347443069
0.29600639351772357,0.00896379621053094,95.81290583744556,6.125412950860812
0.29994948507981606,0.01005291227069506,90.64936407778771,3.933054127332168
0.29406739124961345,0.009722519978036175,95.20135826848653,5.112933091724933
0.2936679689611412,0.00922012184865242,98.47237299586824,11.717968748736482
0.29407667469945853,0.008626582778974417,92.10782120978321,8.906255328446335
0.2955635281783737,0.009212649808140742,96.71073701717272,5.95122423978728
0.2968156586475766,0.008262409616513347,94.35033737636351,5.672418800147792
0.29446982285392775,0.010612195746791477,94.17963431279892,7.281262385660718
0.2942659291262883,0.00939226948182931,94.73083780897113,7.157535305396988
0.2915465643636269,0.009212610361037484,99.04722062932892,9.508530634893244
0.2903641318789673,0.00879602615568904,99.72295190747434,7.527706246309753
0.2971044032619908,0.009381507602803998,93.33997940129878,10.060289845710335
0.29378611848267056,0.009280536087388214,97.93409928454928,7.447809090962411
0.2981073978189354,0.008822327654525283,94.13491228613833,6.354441550931375
0.2952767603064347,0.009743569136381268,89.24788218070289,4.934830741554922
0.2950816521585774,0.00784119245993654,99.85494516987161,9.445634128529058
0.2907043775398242,0.008805520679024917,99.39449423620069,4.50638277057749
0.299388284119642,0.009050220906171896,99.88622898095693,5.2735401466105785
0.2964356158664761,0.009438102189052732,99.77325294520382,6.7678736987912425
0.2932808917417751,0.009681227879258174,99.14958431994975,6.222300011430567
0.2870578122667736,0.009730052678721426,98.99188784909649,5.878334004296741
0.2944259231295678,0.010229766865566474,94.35332811945507,6.570094919938053
0.2967783608832639,0.007863118764654722,97.28152912818352,8.509254318717325
0.29429555974659277,0.011532613327858987,98.83350609762475,4.454696800596369
0.2952628147022246,0.009010640502111388,93.45407682595531,5.743275066454437
0.2994727367490951,0.010094604586676693,84.80456120600236,6.061734918871344
0.29756760188246395,0.010536581795450486,92.87824828677209,4.445575939369988
0.29756760188246395,0.010536581795450486,92.87824828677209,4.445575939369988
0.2955129844190541,0.01003594224634824,97.30117648311446,5.188114547091455
0.2951894355766828,0.008324149879760392,86.81366973956663,4.485445716130217
0.2974431633494209,0.009563657634981786,96.79458594910759,5.910604008667232
0.2928970040611512,0.010736664307455023,88.04451478412308,4.17462275486601
0.2984249500594432,0.008605599563475591,97.31241722144405,9.272307360698
0.2923396480237614,0.00864570848559066,95.89363920363914,8.73242147124391
0.29306730695753175,0.00829964380723098,94.88134521934532,7.983933112444526
0.30060375973533654,0.008903240029787849,90.44009630615814,8.176542818971182
0.30016662937092553,0.008948022816307709,82.34955273203407,9.091467856975157
0.2915463843302552,0.01081076840132153,96.56126025990811,3.7660123143713835
0.29438758131671444,0.009596673131076847,95.03512021827264,6.21451634089969
0.2971121127374944,0.010417257181249511,95.0422168981161,6.387060375123886
0.28674581982792996,0.009779341767302396,98.54154129841078,6.034047627726203
0.29548358078310427,0.010052892902637684,95.57299468740112,4.254740250515225
0.2947070895528569,0.010510956859549891,95.71599237089315,4.930769016392362
0.2958192384787734,0.009779631577993674,89.60695783856826,5.21656216861477
0.29417418193316397,0.00996427232094161,97.95892128255639,7.299649230200019
0.29804940906741073,0.009031921030674614,94.60777737019986,4.949925258977514
0.2983538061308121,0.00894357094773805,87.76521949015228,5.487623204462723
0.29560037282000534,0.008948147538867732,92.75011554881137,6.46739141569704
0.2982160848145511,0.009423094896023436,92.7422919622452,3.989567359527223
0.2902201228529667,0.009391989461597881,98.64680242768551,6.9673097087825315
0.2952772054260733,0.009599214298200997,98.67629231624574,3.488874254954034
0.29687008628225076,0.010320849445355478,97.8173983592498,3.6895253592726993
0.2902724254057882,0.009837525572718706,98.53280271998285,5.382669444519658
0.29863005794609787,0.009073554635655501,86.8324908365247,9.79254941166558
0.2922926673957097,0.009810396083137926,99.06322619660371,6.014027266000705
0.2950364828908431,0.008936475218867253,97.26363051937932,8.300724560974606
0.2940896516932376,0.009571773988193661,99.75319550010401,7.511975429139951
0.29687701764803737,0.009769942048223165,99.72288309462424,6.739156666981578
0.30060473138971017,0.009561962891090861,72.14755644674649,4.870119248042788
0.29603462958892807,0.010092055038550072,96.74553599382115,4.731113009793549
0.29572714567171715,0.009086342889672024,96.08103782856946,9.000202057819635
0.2917956388635856,0.008956693950688425,97.96756092178104,7.215716638652532
0.2911470550136888,0.009429784285273354,98.43330325661124,4.870203434767116
0.2929017853334283,0.009217950213685246,97.84575655393029,5.542763443578826
0.30216290364379,0.00877532125260702,90.38737825888342,4.542115229916598
0.287386384887682,0.010259143579619812,96.60979857849023,6.766107198145909
0.29591190337380935,0.008490039177090956,96.23849467908477,8.275920093810129
0.29657789008999075,0.008349541448427755,93.02473045902306,8.224784026634065
0.29320801029958077,0.008338580722666373,97.71137597474905,8.545394700215468
0.29847949671641383,0.009536197100572616,88.18688552173182,7.154040232637046
0.2991678643572344,0.008935829653688165,96.25456001095455,5.319649929543964
0.2978332979108365,0.01024890704792739,88.40717818931029,11.944015932379715
0.2972634721468809,0.008322524784600913,92.24513735941575,2.9777771095813
0.2932419467085418,0.01010718129550895,98.32120929663088,5.247209708169892
0.29861640486629454,0.009927510882219298,99.47324601080871,5.294713270773757
0.2949654609511055,0.008789037635809568,99.22776238719125,6.478273587252961
0.29478499871456526,0.009588337221883136,89.47947300330082,8.458822971505835
0.29521128225912324,0.009266990065960972,96.38291401294792,5.155627403331945
0.2968347494390294,0.011639504841515335,88.30958566026158,5.517708828545586
0.3020538493558654,0.008571354162669461,82.96015971934607,3.5996225657872527
0.3005703288280916,0.00878805306535474,88.68016721231886,5.14795323604196
0.29422429456372295,0.010284585151380261,94.98946439024704,7.281146607560231
0.28985649700681076,0.00914109973357843,97.91722370206514,4.56757622739695
0.2952469209231908,0.008296915221685264,96.95230313408855,4.669257673190393
0.30026918668550173,0.0102497246872643,96.80452905646102,7.222779764574529
0.29670396641457686,0.009331570386951763,98.59831531643134,5.956537111228132
0.2968313408123737,0.009064858239222234,97.92330470719776,8.262343334154302
0.30028869402046066,0.01009420981354928,98.29961320195181,5.3931132891289
0.29454856917959804,0.009288741855270843,94.83761683308144,4.840490193953075
0.2940312676365632,0.009410222166606988,93.06588244658876,11.431798425937552
0.29459040849223594,0.009066525171285013,98.05408314364688,4.860667987933611
0.29788473241158486,0.008998572577270846,96.25659096040891,4.932997944842862
0.2949551247345519,0.009449011794803359,97.86000114754975,5.330088636161449
0.2956016185941535,0.009658038734760944,91.84063933100413,9.324227999897666
0.29785384977014895,0.00894464239308497,92.43232277958698,7.923426379780473
0.29785384977014895,0.00894464239308497,92.43232277958698,7.923426379780473
0.29341783903326085,0.008433778397305684,96.92546437202692,7.628443553645627
0.2951277995867155,0.010117710532486047,99.75546780141032,7.793171583040208
0.2928025147249919,0.00875064854478614,99.55793347717697,5.209801395208194
0.2951278457818681,0.008993715213361852,99.96496875820307,6.978151915309339
0.29411977875391826,0.008828840529305788,99.9925111671473,10.431354018970485
0.29046226608305525,0.009354596500235849,99.63994120602344,5.90968679671807
0.29704327308354755,0.008618392942757298,96.74567445202094,10.957853308326754
0.29125001005101625,0.009976303356706247,99.1570735102097,5.633517772328144
0.3012388807411495,0.008740800042536273,87.0822700567122,6.455643025448002
0.29645053702710145,0.009610019892836271,89.69351960786851,3.7275331250318593
0.29821288602104173,0.009923248435085717,96.02642896598391,4.388081473250704
0.2932258935825063,0.00983881443589667,99.32407246450964,4.696628957147565
0.29669979893949,0.010009140556603475,94.61076262871975,4.927882422386251
0.29485524590306444,0.009984618333402605,99.4933097838619,6.725603073168466
0.2983400604120876,0.008748049848567117,99.40330891552868,7.448704940020352
0.2954208766196578,0.008855388790625838,99.75014314674802,7.342076991657018
0.2933616481922429,0.009722315669354935,97.15477200503541,6.6600146555737005
0.2903444222526597,0.0089821054576214,96.65281306583297,5.696170748661668
0.2905468694158635,0.00837788240228918,91.71685618500189,5.471354039413704
0.29704167253698865,0.008214072790236724,89.83819300460969,4.252296484418002
0.29872081847434007,0.00984649173303143,84.55855449641949,7.2310265493938255
0.2984416587643088,0.009904593733733695,88.66454813078124,7.086935127668326
0.2941061140246735,0.009916754555670981,98.11032857490665,4.187274349140236
0.2924517825231753,0.00869829455088299,94.60568154679896,11.68749727742281
0.29820187756565264,0.008463379995343571,98.22053441846741,7.031178956739378
0.29553014638037167,0.010503035087951796,98.56426436668046,5.057278085377909
0.2896087339353556,0.009731950320684055,93.55977617156694,7.838753803702374
0.2941763736603994,0.009822134829876015,99.01805468939516,7.750888101311929
0.2994504956926838,0.009060708251214356,94.68588348663808,6.794916960687753
0.29354010754657595,0.00982888947090076,91.59842069443086,4.799773789479721
0.29638059193123933,0.010015503364160298,95.33621199970115,3.5123178463310567
0.2918178386574683,0.009578676175056207,89.63286056100515,4.370907885090258
0.29361909141063947,0.009137392512021152,97.59305073864243,5.358270352914088
0.29790850383196554,0.009308373029874042,91.93306435914435,9.496464035566852
0.28948031925852413,0.009493819292139688,97.95450149190239,8.786858278830998
0.29702550947734435,0.009157415403670894,97.98070557622432,7.529795387533453
0.29458092045231193,0.00868373693516899,96.090782796582,10.119668349462183
0.29442954017890943,0.009593209070811716,98.23900224663228,7.811698580101908
0.2942755760492273,0.009412259407020864,95.60139132201138,6.257036056367102
0.2977534160128114,0.009497152253833782,94.3339696029093,7.79201133247501
0.29354848530285654,0.00950561778384985,95.3115918537901,7.139459051449821
0.29463994082698686,0.008885584524414201,96.04313371869056,7.79321954373094
0.29605233012520615,0.008533993571824527,95.45990778928919,11.42289466914718
0.294878939144779,0.008301819185543818,99.282775909774,6.402187760205208
0.29083767075951,0.00993910838248735,96.46396224653934,8.27964027453732
0.29641724054698804,0.009715243505780496,98.498515237001,7.410876654581787
0.2928339257595781,0.008760074565849655,94.00939876189203,7.404068861455395
0.2924239046779798,0.00919954781380345,95.01567722679842,7.479977181457836
0.29546715903253856,0.009218144682448949,98.46648056768268,7.981253852953699
0.2916912470384545,0.008899688847129102,98.7975898734652,10.248009103075297
0.2946665531911901,0.009077737260255528,99.07535440484443,8.006611660564669
0.2940706608960384,0.009264789795067126,92.28770285078751,5.128690517727429
0.2968348001498565,0.008837447199236459,96.02176652112782,4.613197494690428
0.2978244218223071,0.009615258470203811,86.20733013994592,3.6229991819136975
0.2959532952604097,0.008894417531836767,99.11405980156759,5.405978283810531
0.29760066234927096,0.0077646022722852965,90.67275217083473,5.059795658076137
0.2976410362302162,0.007877809001316016,94.6707066943792,5.543777900325924
0.29452749712974546,0.00952962065933657,95.55328066404911,5.573871584889224
0.29184632280197814,0.010450870268751373,99.05410100274095,6.382202301216543
0.2951831500140426,0.008731022800739993,93.1674517931726,6.787293016707038
0.29378996795477963,0.009896995595158987,98.69686680239549,10.273518388375363
0.29339472681511236,0.009890976031419432,92.73253392971233,6.202891708288258
0.29187289719290754,0.009957383362400686,98.96519441807236,6.536178128461211
0.29255915870925714,0.009556297810029785,98.97547894675434,7.734924829507804
0.2926953761171736,0.009651179975037807,91.22568546791663,7.468854476778287
0.294701137164418,0.01034224407786357,93.81383432529586,6.214539141741038
0.29425337410489166,0.00832135103231003,96.50275841687315,10.661262397374067
0.29457327087539914,0.009399451491851986,99.14544766376032,6.412365846880907
0.29618585885223164,0.009084317196884868,93.36061577825964,9.46938357238665
0.29416858674830265,0.008994643637069703,97.13359938868871,4.201530726744535
0.29335169546062045,0.008919571023354285,95.52077590175561,3.7252944813479383
0.2945947321336152,0.008994300737180078,93.22861617648624,3.4968291204786133
0.2987156357632945,0.009183017586640942,89.94422424488232,4.532113887669167
0.2897226865457169,0.00901814701110578,98.9615831875267,8.40424249433285
0.29622272570890684,0.009668139385501522,94.69913215177074,6.020411652841496
0.29604648804803146,0.008897720793099882,90.89875811236573,6.959464756262784
0.29747076840419734,0.00917930054517917,88.51384886341745,8.755502066860204
0.29002800772016263,0.008830453743688078,96.6956228179734,8.155884123086773
0.29667951266587894,0.008831026562145683,97.03544258070437,6.395627108546448
0.29194847319411266,0.008940364545217766,95.88147015254332,5.626966541011099
0.2956723509422434,0.009787132703093667,97.03552077920823,8.23450843987409
0.2905231035532563,0.00904241959726557,94.8446996501486,5.273120266711061
0.2950617741150272,0.010738631082874098,99.37328824685284,9.045295508682724
0.2952277465914658,0.00955813834518621,99.55087380068638,7.677650863983048
0.29686245435020503,0.008937503399826602,95.61765377222964,8.665205891368078
0.29600876454695635,0.009944218677954107,96.24230640572404,5.280465911982782
0.2993238666083797,0.008007186691315105,92.56931943528889,3.9291781634666956
0.2987477451875246,0.008584330031370355,83.39249102881776,4.033645861259798
0.2919711194506469,0.009659365151570252,95.55394366736485,11.068296945115867
0.29835544714054285,0.008656926963071732,88.09423201359972,5.959210025740635
0.29835544714054285,0.008656926963071732,88.09423201359972,5.959210025740635
0.29153428390503,0.009510141631313637,98.31036669849081,7.439398396497201
0.29594743429512965,0.008995461579997185,98.330375917601,3.2811892553153172
0.29018100483010817,0.008762793498905823,97.89218043736737,2.87465930028622
0.2925538096130714,0.009108329059459446,98.81056322896579,2.9181431046906647
0.29038066284823877,0.00823520593209011,98.89665495932654,7.324357449631686
0.30392985637120945,0.011314214765690857,85.43557829459472,5.061572256905883
0.30072636425541416,0.011098058930720339,87.74608184969861,3.905188584871519
0.2931473739186742,0.010221503754218934,96.8341556218366,5.257175490137184
0.2965086955535437,0.008937148308470848,98.02850608991707,7.726942339567995
0.2935726680299498,0.009237615614964383,99.25180052789194,6.95237852890151
0.2931395457898173,0.008974267672966694,99.3599219578353,9.461486794424918
0.29389871701395726,0.009073910340537221,99.21299238479122,11.966950281013984
0.29382778750999855,0.0092928370610263,99.81424434662536,5.295912277748586
0.29088476315114525,0.009252288430987285,99.71282012330238,5.913067748757118
0.29431758733741953,0.00858641196090973,99.56817425570878,5.356409305420236
0.2964693023322957,0.01019189430773769,94.38227757459236,4.444860223221427
0.29530675654575406,0.010103278836595717,90.94436732043216,6.033579808548319
0.2931434059103517,0.008519623377344288,98.21806284586282,6.601168126363106
0.294083141831227,0.008318041361534774,92.75940033830733,7.326574030736141
0.29462247606653763,0.008750403426899218,93.71939297713814,5.639906877512221
0.29368293606822743,0.008897088062848262,95.21095345510543,5.021524779957252
0.2965482084011808,0.009637743547230983,95.22724165823277,8.123892299477184
0.2947100265815344,0.01017100019062258,95.24841985524763,8.473472348014216
0.2980112112366291,0.009934527915330046,87.71697331748125,4.750206583893235
0.29248333539534155,0.008918676839220329,96.36135890085905,10.935300337607037
0.2951421777835223,0.009426410983466239,97.92442316306092,7.682009784340826
0.2992761753700457,0.00878659702003488,92.09926328881022,5.946845918456539
0.2972851723932161,0.009116372601353864,88.11166558302669,9.2667232059664
0.2921182796957274,0.009357663997788878,99.04621716696892,5.568279829499588
0.2945991353029183,0.009066641405920128,99.33134815390731,5.342845329429769
0.29585318919037323,0.009709521396118581,83.88944659084237,4.734423974859231
0.29688036026373754,0.01002876374124179,98.8569944517802,5.411208295959611
0.2967940898500586,0.009580355654840965,92.61863648111499,9.410566442683034
0.2949354791412878,0.009248920894455795,94.45965750447489,9.59337594881173
0.2949354791412878,0.009248920894455795,94.45965750447489,9.59337594881173
0.29512468806114317,0.009900358367346623,97.65054300979939,5.96682488477761
0.2955181369191202,0.0095135637401539,97.58213976972431,7.243461765833455
0.2945942096805895,0.008650230332112634,99.3408198033915,5.326003648917311
0.29539036227502385,0.008481247171054692,94.92896827437713,7.303000792759269
0.29796347214562013,0.010547784703518442,90.97718396374266,6.3009823785624555
0.29531455324457323,0.00908494012234282,97.62184234156295,6.398291934221563
0.2914900481740866,0.009018327611686916,97.07529639078156,6.426965583679937
0.2952590171105223,0.009817678616147494,91.83255899478834,5.866090849386861
0.2952590171105223,0.009817678616147494,91.83255899478834,5.866090849386861
0.29592941172177684,0.00889480670914541,96.53876534186831,8.144793431987082
0.29495297919579444,0.009285540064300147,99.43481387637848,7.594627548559817
0.2940838586807702,0.009418556902237502,91.19069815012155,4.71439324486604
0.29366292942005134,0.008334183810531984,98.36956946663926,4.094156270970442
0.2921046158471787,0.008121732455187304,95.70669721690676,4.647383204486021
0.2916250678455547,0.008636899399583117,96.53903300828433,6.155822619274723
0.2963168195147928,0.010481843295456282,94.9988895929328,5.958071654510227
0.29523422190402265,0.01044328571056951,97.31401112459314,6.6497656221597765
0.294063574873227,0.009300603715383698,97.70524584202808,9.118918028669878
0.2958071043613616,0.008826630921059224,89.14149764275177,6.524384702390426
0.29418736581796345,0.008851536767370868,98.71750966826892,4.8617219140125245
0.2939452615686212,0.009487494853632476,97.11250133028254,8.640895733432824
0.2954528625419066,0.009021290915815158,99.38056845131356,6.532475126426561
0.2930835999362446,0.00894198645782509,99.71897524950153,10.10114449180486
0.2934438570919272,0.009611888818076793,98.99215897147813,11.993276361726705
0.2963958062476115,0.00892077597007545,98.51368812710724,7.941595061354639
0.2948217533062088,0.009069001530545493,97.05762501283722,12.237081608717185
0.29001511183023676,0.010706787295106508,93.7378780525172,5.269638407495209
0.2898126508071702,0.010323519301477322,97.13352196524757,5.636439672744823
0.2974846969227357,0.009729595002658867,93.52218381465727,6.562260378693544
0.29458704241619105,0.008228685931086489,95.71000059161824,8.301547092769512
0.29384447240035305,0.008303322984294642,97.26092307900845,8.730129490255809
0.2935179394623886,0.008469555545614446,99.33068579732894,6.459576973524128
0.29205277897454546,0.008544972623473755,98.04004239297197,6.87956387596165
0.2996813921092785,0.009943857211139096,85.76458509289579,7.143451681200682
0.29119183142562305,0.009584293019803652,94.74090973345048,4.616023255739284
0.29566716388785197,0.00969843540789999,97.60689567681064,11.630615121697423
0.29372854400084414,0.008529804132518781,97.36636651797987,7.22519695643011
0.2993753913837831,0.010173475741205872,89.18704921936845,6.495192258137709
0.3029437798941506,0.010290722332815392,84.34490158164904,4.467713895867588
0.2918895095085833,0.008558454089172812,97.39372828521888,8.309517378577768
0.2996569817397899,0.010224315870883856,91.88505749141102,5.346598829833878
0.29125407231695144,0.009619181220059173,95.51155841489741,5.029859050248127
0.2953493266098433,0.008949498343498865,96.76492524105879,9.641684753898616
0.29672147607558275,0.009534022165444179,93.93299730237256,4.1276258578345715
0.29896219059351514,0.008893307287296284,88.78122653859317,4.211846745053377
0.2953663862275195,0.009943010317089544,96.661254331772,3.7920693342718375
0.2947218682723434,0.01011773106423755,97.63054007613303,5.8087412683171245
0.2949609955636626,0.009544980837287515,96.60092022319192,6.992935599545153
0.2977125022392083,0.009930592904405126,90.87050685207343,7.738042362538554
0.2977125022392083,0.009930592904405126,90.87050685207343,7.738042362538554
0.2923899101133276,0.00922283673970534,99.05968718681387,5.2416069886020615
0.2960710566935777,0.00846601871976875,96.81004409397585,5.986793656885434
0.2959388143442475,0.00816177560779404,90.91743357979308,6.841343136359553
0.2960672128057142,0.00814440189234283,97.25306228955408,5.427561342307846
0.29650909835882366,0.00922235354499414,98.19862952794645,4.833100461925381
0.29392429241094403,0.010218415272808389,96.84890621448913,5.23341914370455
0.2881548029289461,0.009756848562325709,98.89336027399146,9.48060787545947
0.293951822230528,0.008706621310237275,98.94538230859764,7.136248447825777
0.29306561188202696,0.00872796527808705,97.23954937809614,8.405827848526386
0.30416929150025057,0.010131434765162251,76.19094932843754,3.1317584487225307
0.29191581464750527,0.009902414942243799,93.84693113382951,7.694880847343754
0.29191581464750527,0.009902414942243799,93.84693113382951,7.694880847343754
0.29181876437796334,0.010774200831321107,98.39040615573131,8.457799676521596
0.29404872079099853,0.009804867924452437,97.80682340555839,8.099525571493988
0.2970045906083473,0.009403183782378258,94.56817957161975,6.323139070899339
0.29356977728062283,0.009269699976876346,95.18444556672718,7.115822052633486
0.29380141325021575,0.009928965739083064,97.97504821504654,9.983448756135111
0.29431950026681264,0.009010727868857534,98.38267072412435,7.551344927331334
0.2990539063349757,0.009298641471624063,84.26275211857968,6.963698775843882
0.2990539063349757,0.009298641471624063,84.26275211857968,6.963698775843882
0.2948034457355086,0.009993334064577121,90.22542802600479,3.90411782784597
0.30052872915817846,0.009395620034235962,90.93113465098827,4.891401229720756
0.29463834995292376,0.009453113046896597,93.04752862226158,4.819377965517273
0.29642527202076335,0.009925249114723984,96.73528189104256,7.621484091667091
0.2951535067751254,0.009536511530028078,97.16657367401659,6.7015178043474535
0.29358064934172284,0.008759987469416627,97.49795411450177,11.137038417381778
0.297385376238688,0.010057886065469947,93.1122276401608,5.826059608344446
0.29476616030703295,0.008642982743975307,94.87880143607927,7.799132498301275
0.2969657486062612,0.00871845062639139,95.54093044513986,6.205156504424591
0.29324750731836935,0.00935743793888559,98.45255342872068,4.718546226509013
0.2951273525243606,0.009286352622506565,98.78461173199398,4.39932236742656
0.2937599626343777,0.008954242582379514,99.67749412827918,10.849162258456083
0.2927835650279891,0.008992426586784095,99.87816629372766,11.019950067313928
0.2966546225381687,0.009222431741731919,91.95686934178508,4.637638724036961
0.2913809377264451,0.009013287915478067,98.57935509317458,5.74238679618988
0.29148563575801895,0.00959205865836097,99.45178601163217,5.374876387423707
0.29140167264050626,0.010557954301266242,99.37585757791061,7.531074770128503
0.294525934018783,0.009425146237723909,98.91129690380214,5.452662934147822
0.2957835867428834,0.010196721486015383,91.49323196506013,4.960289528576533
0.29704611193349645,0.009141764627297835,92.79504319318879,7.343187494668121
0.29398087823103,0.01069358436378302,93.26596403301586,4.161338660637194
0.29865766641562386,0.008667049346943755,93.28881994891624,9.235547940566498
0.29596399443906185,0.009148551332329481,89.94940463839325,7.151616079663546
0.29578390911938185,0.008998073491413704,86.89171035516368,7.002693776587245
0.29433124456860243,0.00992176055793249,98.04408048253126,5.7711252189833715
0.2977144468600613,0.009112817940424203,98.54365910475944,6.61536369538243
0.2970010028856335,0.01023380925593552,99.36766124346045,7.4211694984449625
0.29525391042783,0.008857798960666591,99.18317258764094,9.087848525564649
0.29318850949801434,0.009670128734045425,95.60538048973777,5.807965547361672
0.29703011954376146,0.008286275370656487,92.66219392053442,6.931355508627412
0.2984800007786299,0.008602350417224012,89.27877732986293,8.332842433511388
0.2947880248355249,0.009481538925424079,99.22802100628391,5.122856120870102
0.292769666034841,0.008778695413852945,98.86237927236766,9.749487749598362
0.2954577321860298,0.009234897467030979,97.86902616005122,12.544815318075935
0.2944056312265331,0.009773419499060462,94.04187365533295,5.681194984624637
0.2940195819874316,0.00874622030370523,96.34203200095085,7.956380643886244
0.2936414520356242,0.010256156215088776,97.7810882895715,7.2055784399770015
0.29579140519745234,0.008838108366296074,96.49955341214242,4.789695372339124
0.3010744348490654,0.009313424468590546,77.80313839476213,9.553934793881142
0.3024675629379904,0.009529185068198245,80.93913545063238,9.818923303662515
0.2974108630847143,0.00885751815125093,91.84557245529989,4.598466502087815
0.29616972384286705,0.010144927141765046,95.95658444528806,7.713643512844519
0.2936167394449806,0.009682709959927437,96.79298254686454,7.743717523144446
0.2935321385409099,0.009528218621722335,91.89160495484256,8.694933585814955
0.2950979141493132,0.008781421672977272,97.65603323193474,11.644537912715954
0.29486289552759026,0.009679480998997275,97.62070684627801,8.362189803284524
0.29661122115945504,0.008783333026111971,97.80792285139408,7.906614901922613
0.2973928849090744,0.00928859783961528,98.44438685924429,9.603050780552636
0.3023688230858479,0.009554753315491746,89.63099828053186,7.18943135478057
0.29035222374834,0.009293926940272576,99.23409931614385,6.499346515092063
0.29707356274417906,0.010105792928827396,89.05640453079207,5.7834523147691375
0.29279342833887295,0.008377925829700135,99.40373988982404,5.381644105001973
0.29642682730472014,0.010108544582038307,97.13840011024001,6.436317363448477
0.2947959979373505,0.010174202111469511,95.75570465964624,4.4140004437988
0.293083764664885,0.010214101340659448,95.69631475224617,3.9239345468472955
0.30275265959237907,0.009405526207432104,91.9290344109396,7.2241912896801885
0.29734308746644245,0.00937636661830283,92.60061002303577,9.011529955732302
0.29720343094651047,0.00942547597065272,95.88984513869408,8.092211647301593
0.2944787875836837,0.009202593526880475,97.82734151204647,7.081434982027938
0.2961586275197639,0.010035220603389475,91.35272947837949,9.35943685640715
0.2916753495678736,0.01004200945573279,97.87845958560015,3.8132227374475938
0.29263361070106864,0.010200177981433117,97.76489213688936,4.648493406456678
0.292389844269241,0.010629529815411008,95.64189809264555,4.125040651934617
0.2929569210792397,0.009330099381473885,95.84624778043676,5.041165914755042
0.2929569210792397,0.009330099381473885,95.84624778043676,5.041165914755042
0.2949183571626153,0.009679786978362227,97.59076212583564,6.117276583157298
0.2935062201867447,0.009435607981680014,94.16099835639535,8.968586967923853
0.29625560626633146,0.009195315752416496,95.43818081739566,11.063928865336164
0.2930139131129836,0.008725333576791141,97.23990071799429,7.691924065069788
0.29441537297683107,0.009852732864077892,95.38791226101685,7.382636491893846
0.2944508212344929,0.009638843710575128,95.2378979982847,5.908537506013278
0.2946100768564533,0.010260681025785725,99.5735866598602,4.067537876555701
0.2941917463051268,0.00973221131178744,99.72936534743812,4.089174743471872
0.2955283930289579,0.009292876996970872,99.39475133330272,6.2825001707054575
0.291809800457834,0.009018090584756167,97.08975941115608,9.209442128830712
0.2982861669212484,0.009445329676635784,92.83507169043698,5.547735614189229
0.29577065465338104,0.009876858206871647,93.99521890945157,3.900780844850497
0.2965015292175474,0.00909012585380178,97.83244229699363,14.17030808755198
0.29392776179156205,0.009465938456988645,96.59175140239702,4.172938392496132
0.2969343237484684,0.00982186473695637,94.92708524370002,5.036064828359239
0.2940790749707117,0.00886788204576211,99.85929578147933,8.02084284819719
0.2919385147351665,0.008864482244792228,99.93797095521222,6.129454247211909
0.2932471213367381,0.009432979941723624,99.05268669645073,8.668968166987199
0.2936437724585922,0.009348745394726278,96.34486599366991,8.794546106375215
0.29320471094100253,0.008971704067972031,98.87755727883764,9.071708677917812
0.2919907315297553,0.008510980723101177,98.20255887518613,10.844606268972917
0.2940400492619249,0.008746055842278402,99.76831273397222,9.052400350052054
0.2992732570287556,0.008195714040809585,95.08495511476666,5.369344387984858
0.2939801981379771,0.007968351117881356,96.74804867268959,5.182789272618756
0.2927753248924653,0.009173005799206362,97.1298156843482,7.591110393408698
0.29517975182218725,0.009301936058794747,96.74810689777544,7.059080828087126
0.2946301552635502,0.010127201899148133,90.1118341971925,7.473040722802909
0.29717131731694196,0.009488268353233631,92.06726352924295,5.1207184065720135
0.293238281280917,0.009367398034086295,95.3618546572086,8.716396389955147
0.2946127018298114,0.009620034527915967,99.49420092421724,8.400251372130604
0.2983151850947582,0.008572145141621492,87.78066262021636,5.611795710880422
0.29557506346084916,0.009130364599040035,98.96326165856148,5.031620765989369
0.2938043135156107,0.009275231037786321,99.01368718719446,9.872815463018753
0.292584205758939,0.009165520063207106,99.18240597438157,6.995198505926327
0.2945422398086157,0.009413043931902516,96.88336536011305,7.250430977350522
0.29506465756439215,0.009381151558747317,99.4806701911713,6.1820572793632715
0.2930482891644955,0.008501897957427028,99.73505512854096,6.488601059998436
0.2908780216034862,0.009481354591506737,94.39643204717753,7.7713510289544585
0.2936566863565916,0.009635874104514906,98.05626697766154,5.761439795182367
0.2928066781519563,0.00891808422497781,96.58251301946089,6.188310087561159
0.29660708642571015,0.009554936975019707,98.32063242875387,9.390151771818621
0.29339675832965784,0.009565669123429241,97.0332531995526,8.219541763341645
0.2947020669248313,0.0088208717983469,88.9060855411068,7.882093414288002
0.2942051100606529,0.009861115228772963,98.96325593271257,5.462453405190774
0.29226474602266955,0.0091171482254204,94.60571040248522,9.55523112263872
0.29226474602266955,0.0091171482254204,94.60571040248522,9.55523112263872
0.29512651274679713,0.009604947683730304,98.63239829475957,3.86731495512974
0.29367511097143906,0.0086664580286,97.59541264751248,8.087389548232077
0.29047185598610364,0.00942584046325853,98.62780948812582,5.982128829829197
0.2935278013431308,0.009404340350275552,98.8079018991043,5.940824601797303
0.2902934964312879,0.00844650368441462,93.6892701228811,3.5852519497110062
0.29389141048915857,0.01012696104107225,91.56742254700428,9.69500071575995
0.29626515851167357,0.01033451085433517,96.77275775024084,6.618454038041875
0.2946540922344374,0.009367886160134991,89.63254697674523,5.1086890459682746
0.2935005137901022,0.009578427074568123,95.17815605009972,11.467516216595584
0.2935005137901022,0.009578427074568123,95.17815605009972,11.467516216595584
0.29302138537632344,0.00969833141697922,92.62690665017112,10.682409018413813
0.2959499234124438,0.008801163893972168,96.6593248444413,5.559606495564816
0.29412920723396097,0.009873378885999446,97.00466723240136,7.555172384469727
0.2941531613392985,0.008914277186419711,93.4934219962771,5.444000057695124
0.29651682036096816,0.009610722385364104,99.4510022928785,7.843944444566643
0.2934967842251227,0.010804079675628225,94.89363992801576,5.65944959595634
0.2971718271310223,0.008033146212316118,99.82819234772239,8.483120946950475
0.2953451984241951,0.008363618872137529,99.79766771527687,6.8153740754056376
0.2964151472107449,0.01048592277493729,99.23335483805104,5.557001546800645
0.2992111767414882,0.01055144435734508,79.70889426695307,4.196866409136568
0.3006561077791754,0.00911349711856477,93.46442722221487,6.074364303203561
0.29328436214640724,0.008889412497650014,98.04921580591513,8.487206352188018
0.29720011086051695,0.009650487944020097,92.40129193726715,5.65427262011863
0.2966517353152391,0.009315743954145903,96.79579868388132,3.695585171352441
0.2988019297670887,0.009017775863537216,93.76991495967684,3.5890468455030735
0.29373005450039297,0.01025031231787936,99.5297366967095,5.179617206268869
0.296351633060119,0.00831727088943434,93.19594406258845,10.360584973779202
0.296351633060119,0.00831727088943434,93.19594406258845,10.360584973779202
0.296351633060119,0.00831727088943434,93.19594406258845,10.360584973779202
0.29838872292451635,0.008507100346576053,88.6149591868238,10.022762756370524
0.2925619291812846,0.008967224827827084,97.40245732994069,12.219108575948779
0.29261991648561286,0.009456062457232364,95.69212742054816,18.180448542099807
0.2940371913597478,0.00917244167902586,96.77713278574744,6.114995051745412
0.2975802407147835,0.008703977361427698,98.12505018087643,8.854943220833377
0.2904532846788383,0.009775276656881413,94.50050446727822,7.1896052848127745
0.2966319360513075,0.009947144947111543,95.02375230397028,6.465341088058249
0.29624984692956324,0.008850898065898349,98.00067274206694,8.05485000924948
0.29948084749662746,0.009425919475780194,89.06901399608569,5.227153604928555
0.29588704189643084,0.009351931122923141,97.49640009585144,14.299930690759691
0.29328496978244195,0.009499476871465663,90.43824269071895,7.375186201831645
0.29573856401323173,0.009600653928739752,94.59563882201662,10.353209821222826
0.295961022160388,0.010001517220125773,92.3836622589046,6.050162035954139
0.30293563450301303,0.009504533509481206,81.95494193224208,7.03186092664338
0.2973199725690516,0.010173786727814643,88.4722584029591,4.021526070573959
0.30406253468812966,0.009710771102631615,86.06058075415498,3.893846955440729
0.29945276918656727,0.011113815332374846,86.89776026333567,4.031112069230224
0.2962243586300002,0.011242043976660707,88.24474562297698,3.35296855012169
0.2962243586300002,0.011242043976660707,88.24474562297698,3.35296855012169
0.29239179860287745,0.01028600253425169,93.3471535288016,4.4450855211163685
0.29518763931873765,0.00982993580498966,98.36377595081609,4.31475390339285
0.2913288638497432,0.008867151692826248,99.27387213985443,11.646854056128145
0.29701865566271685,0.009741364759787124,95.24998812898906,5.120518618230518
0.28787398434944705,0.009804544521682407,96.26549420795567,4.848656183683566
0.2900020539418033,0.009247684235299279,94.52273858938494,4.120847888975037
0.29023897341544674,0.009712905098914235,98.02810092349029,3.4154907225522155
0.2995557900806001,0.0108684476880242,99.28147908820647,2.934090297158912
0.2905282409710254,0.008350413203706594,93.78642584866863,5.602895511675476
0.2908919532322739,0.008503580997461681,98.52080034091686,5.384520839479496
0.29648064953109204,0.00837800332911022,94.02127418833746,4.430376937776665
0.2922762971087771,0.008823304153628211,97.00718161094248,4.183436450300975
0.2947042323032684,0.009546988884573906,99.0286952221215,11.776390673686612
0.29166351580574407,0.009228756966520844,94.78001112046624,11.277400063510512
0.29166351580574407,0.009228756966520844,94.78001112046624,11.277400063510512
0.2959629503324399,0.009552823729938303,99.73687267698372,8.342891342292788
0.2911121890727283,0.008808004335995675,98.91180867926042,7.931151251766825
0.2973604835752918,0.009027014998739903,93.23411646343568,8.542913078363998
0.2923382214378948,0.009667582241624607,98.98882351324328,5.554376229686274
0.29841717179227245,0.009036825549724174,92.86640273160648,8.095783877288142
0.29189606420162917,0.00956029130025814,98.45625185703899,7.106579256199163
0.29739291356143344,0.009229091237059464,90.12950046352759,8.572704668978627
0.298432740994425,0.010553600238666225,92.40447824706516,5.604838302570324
0.294299398964601,0.009821304653656163,94.78953123831174,4.78279245261396
0.2938482067857254,0.009192519644733211,96.70919757238359,7.163589095870407
0.2972982146482384,0.009189942054869078,98.32541218110768,11.517522632090197
0.29645880432927657,0.009543248398822445,92.09972161081352,10.226866563596765
0.29661514138684575,0.009711929619403547,93.22238282867009,7.62704016918068
0.29383277552623893,0.009496884000479884,97.02705411900592,5.390754979384258
0.29142411654308537,0.010217751917725913,91.26110628915335,7.42634358763889
0.29142411654308537,0.010217751917725913,91.26110628915335,7.42634358763889
0.29798378367865125,0.009414511132064915,99.28158802979861,3.8488091517275036
0.2964822927142983,0.008562418609642526,99.5196540917457,5.202105686893963
0.2916505094172513,0.008285260255252115,99.9182482195646,4.949925179268332
0.29636899566879954,0.009283089055154323,99.82993956614641,8.302139874955675
0.2911314187686238,0.009903763044317192,96.54063805983104,5.027998841264031
0.2913045075475439,0.010065688569934426,97.85014195533094,6.338621166180173
0.29881280268456306,0.009073437537738475,87.38776051543405,5.416580292973957
0.29072864143495314,0.00908084813370906,97.84412181262962,8.436181020052327
0.2990384950823064,0.009068552870514484,99.302417309544,9.8668967071642
0.29306861812556184,0.00956308062714828,99.14972099540773,4.312059145145587
0.2947043588149982,0.010280719232087544,99.36471287031212,5.326181835579374
0.29231266369637743,0.0103890907884821,98.77713064461305,5.19003990337548
0.29408942476340777,0.008549606573825618,97.55980364206923,6.866569113415346
0.2957900139626852,0.009260559781471316,87.11136025048228,5.184175046090459
0.29427049200756833,0.008943439884364138,97.64124586850716,11.53417268739923
0.29491719338031114,0.008874569319561643,99.90215151373124,3.9180698651223795
0.29157263588014426,0.009089133009659332,99.92979123511948,4.832603033801201
0.29350121536556995,0.00891824732083495,98.82160183614307,6.604781272833773
0.29525973668485195,0.00900318170246843,98.9145362098357,4.888577865669089
0.2978554178090926,0.009501777855854033,97.1916233668389,10.73345555214534
0.29756396890822207,0.009227517248517083,94.73836663324634,4.564333000126385
0.2969556416506807,0.009224217101343812,96.29201560547776,7.432964484924637
0.2947736809585981,0.010016294745857367,97.06419808913162,5.926062581867238
0.29780576396886604,0.009636897586206717,95.61235312180403,8.188148169716971
0.29428115026998364,0.008953318144997356,98.44044430288479,6.913078948628546
0.2920248614947295,0.010435758158893846,93.82258587526162,6.817910221373716
0.3007729205858252,0.009479753941111842,94.06812183171876,4.413935239446849
0.29054058604938754,0.009415556223379022,96.88044526107312,7.4053429576722705
0.296655132343412,0.009014265530697656,99.55967791065876,7.740556913584579
0.2919178830220477,0.008944157507370737,99.45767046608745,6.14463007522618
0.2944914330557512,0.009747078645366447,95.63993449652527,6.143960440939232
0.29262533316001016,0.00857591433358823,96.79065911410542,6.2887372864140705
0.2965824069477796,0.009004080162618784,99.2759259908841,7.167335334792998
0.2943582616834196,0.009798471807118028,94.81645341462945,5.778679494027445
0.29401020852696125,0.010639904173901805,97.8634181732328,4.571818464112011
0.2960727601793151,0.010409193478322708,88.69895545431554,6.712999501156475
0.29773996167035605,0.0099726144148411,94.69848573289578,8.291197810627668
0.29456044177341983,0.009549730910084112,93.74526370369732,4.905053242538399
0.2906586952589638,0.010154933033901612,97.71189576861515,6.4679442766479545
0.2951525405996184,0.009012188482541181,88.98413843021784,8.311253473674036
0.29529375924924217,0.009610105052381124,99.55050483782568,6.492017006561233
0.29858093595542223,0.009447020937563777,96.90727610396172,8.164042749371081
0.29250584516895745,0.00797197837302015,93.78252038739394,12.110569424282671
0.298425744217261,0.009629092609302784,97.59490136401625,8.000436505981387
0.29647330973025027,0.009690263552639751,90.42947253055169,7.301535019752357
0.3007318108313241,0.009640391867052196,91.32872511104385,5.635907067122202
0.2892912074400278,0.00906106279369933,98.33094672536076,6.952146300330699
0.2893402738327524,0.009452774107247253,99.20158886321758,7.092153338119014
0.2973339400024656,0.009272765486630561,94.16207484507721,8.988838871466772
0.2961009134357396,0.009914503003743028,87.42079048777963,12.321932769743272
0.2959424679947651,0.00961092482438737,90.40558754477921,11.159446455663737
0.2931881564376028,0.010010622421976725,96.98405167554276,9.755508831624166
0.2921586471019617,0.009200249722083928,99.78329903754071,5.576558506688882
0.2951248788398672,0.010082271352814465,89.25960365095206,7.1477346379949624
0.29506711549983344,0.008687385395121518,96.98642666561697,6.235291184161565
0.29859599126306235,0.009283157110504491,89.47559688900355,8.058097823080502
0.2962662212577059,0.009593195398089838,95.0578613366378,10.243088317101968
0.2921038018432207,0.008459135555814117,95.23603497301654,7.226425585093338
0.295548889931673,0.0091080830269634,99.4163143059761,4.7251445294298815
0.2984889097134572,0.009446507898165906,98.90897604291571,8.354135051717874
0.2884447808632592,0.008804337580002593,99.75474327497366,8.374923782036412
0.29873692518460504,0.009354861434148157,99.72238353348577,8.268975364377296
0.2947542183012311,0.009746202659572035,99.65831196985121,9.084058194012002
0.2931643125785404,0.008656478054285377,98.84181734772099,6.248969586620043
0.29303843422343384,0.010277075018446075,91.74690965162826,5.211875727016926
0.2974507104938363,0.01042172418429916,95.02608209092716,7.693238789219297
0.2950618417767762,0.00853254008599456,96.40508592445164,4.869194290359017
0.29802544448521306,0.009488215626121805,93.87565286950907,5.467554070632126
0.29277424895262133,0.009469812618004923,93.13796071547554,7.12357984828864
0.29277424895262133,0.009469812618004923,93.13796071547554,7.12357984828864
0.2945260502041537,0.00947828125290386,98.99933572799264,5.078922705368212
0.29320620368882017,0.009106527037978256,95.51209826206376,9.211875785627065
0.29397606479943955,0.009156151832844694,97.39638646906664,8.579261916262826
0.29397606479943955,0.009156151832844694,97.39638646906664,8.579261916262826
0.29528426441072125,0.008920603941846805,99.46519145267844,6.424560686075642
0.29287921119093074,0.008990584503009946,99.60216268855189,8.16640925648769
0.2958070846869839,0.008757694794494019,99.69223659556157,6.444082654884234
0.29332043676018166,0.008994630079099342,96.76827583484192,7.4703780400858815
0.2947343374954858,0.009747485973368913,96.97985233608233,5.523591328925861
0.29435104945620233,0.008714775080041887,98.18807239788403,9.314766833264006
0.29644503829789415,0.00973371276780522,96.92168223847064,4.59602035173466
0.29307067004225645,0.0086376519794166,99.16314755433872,6.8603507072979335
0.29931888424766045,0.009646774388431863,96.039480066586,4.773409715407198
0.2943865140470965,0.009422844713772645,94.9560682875249,6.54072526961144
0.29726310684748347,0.009480158675180574,96.95285016773084,5.686320081897332
0.29347514805483693,0.008530252755748697,97.65177043749857,7.686488181348724
0.29832544852496695,0.01045511584979279,85.8478632310197,6.219812380149579
0.2984770523950796,0.009988538969711552,95.44237174833381,3.921492955392349
0.2967018631902386,0.00894554700023003,89.5468963869473,3.52672951855952
0.2977447500450197,0.00953546733446723,96.84132047615383,6.50786464146266
0.28893216073403694,0.009176629594623013,99.25027100108538,5.617958123659923
0.3015655598843187,0.009778666827184163,79.41705400387505,7.826870521625284
0.2899321730485541,0.008749372121258463,99.51944708323074,6.509730748384498
0.2947226730804439,0.009585833371268393,94.54490338097199,9.643462029272452
0.2964875311763025,0.009325168249613922,97.4482362125985,8.518416581836568
0.2938236810989291,0.009045455995123661,97.3835849901278,9.815945880651697
0.2936098930176192,0.009187776254458806,98.58791049850421,11.95276731877515
0.2930083118774509,0.00930781453847038,97.9581265861345,5.662691510156151
0.2917004001912542,0.008735023879597292,99.3385480834991,6.397519302577686
0.29659927407595793,0.008827774645411901,96.40800465965279,9.132866795147512
0.29574568150990527,0.009567165510523949,98.71041157943922,6.369117647465221
0.29804272593104997,0.010125504046531009,98.67174993782228,7.563911582434692
0.292589115149068,0.009943337102060305,96.50860319186143,7.109755499278651
0.2937879123801891,0.008984622580853228,99.15667451574885,7.180740913675477
0.2937879123801891,0.008984622580853228,99.15667451574885,7.180740913675477
0.2945730665821484,0.0098877871781894,88.99540038491263,6.4760981264133495
0.29343558667690633,0.009910624778679336,91.60199969333965,7.761201372967081
0.29471318197320234,0.00914782479014531,97.83360495259276,5.429407131616243
0.29284029228944036,0.009689334666570206,98.59468730880265,4.194603374636539
0.2960435197028611,0.008962060802027102,97.72700463840775,6.240349926897896
0.30075762455790367,0.008917925756400966,88.98247111406305,5.283554685414955
0.29327475594121,0.009558231188906665,96.65350285865789,7.577797620339458
0.29683208488104207,0.009153717216944801,91.9055017544305,10.212720994118811
0.29683208488104207,0.009153717216944801,91.9055017544305,10.212720994118811
0.2969699483023253,0.008769401897260255,87.19146374655504,8.817081371776695
0.29479678257187747,0.009262890863397273,94.55749886689972,15.503481650946016
0.2938003885609641,0.00956626731080739,95.76514856275433,7.742750038185829
0.2920678334542422,0.009068124288590218,99.73040784456713,13.086269792279762
0.2978232051807636,0.009515705835690266,99.7781623512664,6.0722073054952554
0.29365112276970257,0.00879282006242619,99.63463145656179,6.687982252927755
0.29207731068626114,0.008601657890647655,99.5872295505495,6.659385825316521
0.2966127771175578,0.010092145405499048,96.62148371646401,7.559550950911153
0.29841057925292114,0.00937630252238127,90.07459778416163,7.782541340759942
0.29642422455111844,0.010009459609555214,93.17552059205549,5.863456231854558
0.29918087863002324,0.010278786852913797,90.66750711888916,4.89324050864751
0.2968835370253853,0.010791919068527986,86.9384337729258,4.736720313668007
0.29084140260377006,0.009393092599928314,98.52527296572487,5.352728135833345
0.2962208138682432,0.009029223219824602,99.35120963515061,6.088812319474253
0.2937795407827078,0.009433787444697427,98.00211698733717,10.225248744124729
0.30005186424848995,0.009484242532820902,94.72824141746648,4.589888565752375
0.2945392140831073,0.009421479497556385,95.40421726069609,3.8465328047931058
0.2992091444575973,0.01024385802040691,96.65391716750887,6.180237376279543
0.2916954578161019,0.009674530695141837,95.34954912594357,3.9621633630546267
0.2933730325982685,0.009312401300754346,97.21533363752734,6.024651572977511
0.29220196200508514,0.009417784010630325,95.6707009137551,6.604824290085319
0.2950813231561257,0.00951257174854431,97.92821671432232,7.825267012332252
0.29585336310366894,0.00848160889714996,98.66574291186943,7.327397183183102
0.29414160826066343,0.008243423940162833,95.41129796917937,10.106400551722936
0.29447976231410156,0.00902605390576985,97.93311007798124,5.965074133805988
0.2973848907626173,0.009031520717286606,93.1251401357514,7.002110772703977
0.2973848907626173,0.009031520717286606,93.1251401357514,7.002110772703977
0.29444850452506904,0.009149376244401718,94.66970979068383,12.340696832766007
0.293545288245823,0.009356809038471362,97.80150071615054,10.503651049378455
0.29273488289030347,0.008868618557439003,96.85911465259689,6.282064407308319
0.29153548559180037,0.008822605317802695,97.49440496578431,9.228631366599378
0.2978916905492243,0.00968312930943795,97.32447988443124,6.340104001138059
0.2982101789382459,0.008896483470605992,87.4478797111914,5.157943971140801
0.29396076521736464,0.009626999380045808,97.80103361532821,12.602044396729355
0.2949344685703453,0.00895086522610802,98.95508354842134,6.985031122844735
0.2942199058524622,0.009063974643345057,98.2874343172771,9.83272674974997
0.29694133494724656,0.009043234112004878,95.40722482819503,8.532851445159814
0.29369794972195906,0.009557070923299896,97.98253866565368,6.778687960762697
0.292474855376159,0.008776506178465662,95.975952534403,9.958633166507486
0.2917829171667839,0.009390631955643405,99.41994004442208,11.465273829707234
0.29514872177227375,0.008381474968527534,96.76544859357276,9.186159576491539
0.29578788348226187,0.00885481596141341,94.56873236203134,5.170264082405891
0.29502409467219604,0.009040358099439913,93.29722037179785,5.06922301213781
0.2931626675776042,0.009206046333699515,99.23083095219819,4.582018903708956
0.2950546348517462,0.00880096154254637,92.61555530122287,9.329276184264229
0.2950546348517462,0.00880096154254637,92.61555530122287,9.329276184264229
0.29431083022422677,0.009562299897163434,99.70409561731879,7.856590782688795
0.2940586205923827,0.00892711091939757,99.90480606653419,6.388757621913353
0.29117393623883575,0.009587173432054803,99.6154583545428,9.342139800768198
0.2962361743561698,0.008835894568027455,94.08068936081786,10.251961792981307
