beta,phi
1.1399180244049991,2.003312064192926
1.1372861888392674,2.0796905099539034
1.114761580355528,2.0453932841856473
1.1665185372538975,2.0038414546022474
1.1342939307708484,2.01707634489056
1.1376121508753492,2.0188972041679416
1.152157907244632,2.0263839010624785
1.1519277254926399,2.006102659149984
1.1519277254926399,2.006102659149984
1.1464800516391374,2.005868739152359
1.166619236257695,2.0085602541347227
1.1313204468286238,2.0081692473812502
1.1295326937709949,2.015582852470862
1.1344600768377417,2.012789539869314
1.172930942807705,2.0452815270792124
1.1147774250166713,2.007271849766934
1.1199819505473225,2.0077168650112287
1.1177892462226935,2.004904699201244
1.1424664440517407,2.0038415890983035
1.1612420874683749,2.019390080595776
1.131226987561364,2.021596848136254
1.151615171305753,2.0265261764406763
1.1442838904018453,2.0205441186300694
1.1549103200758388,2.0223009277128514
1.1736684442468048,2.024126067296961
1.1736684442468048,2.024126067296961
1.1693942974398772,2.0316286880504815
1.15550338823067,2.0647652866575656
1.1376934652474022,2.0086150253379627
1.156058581978435,2.0373683373938656
1.1349977116285404,2.0646611541325055
1.1349977116285404,2.0646611541325055
1.1450232221222254,2.0018920333033123
1.1278233353344609,2.0023475884467
1.1619699398188656,2.002770457859138
1.1523892410220045,2.003647809696241
1.1336818989082151,2.0298368575869588
1.1504834180044399,2.0070814533704278
1.1427413536662117,2.07265077068098
1.131806636466751,2.0558239231916797
1.1252432710515914,2.0101177251419537
1.1410426539178553,2.0131530096651558
1.1486899817475176,2.001522105546692
1.171541631099074,2.0041625766119693
1.1666393398535713,2.036490172409843
1.1663926290456315,2.0297195967916575
1.1663926290456315,2.0297195967916575
1.164236846224338,2.021652090662817
1.1644028090128768,2.020224837400608
1.1581694670433142,2.0672010936083147
1.1567612883255118,2.016473931731918
1.1352072194404612,2.015922834153717
1.146252565229936,2.0352415618766004
1.1414890087595206,2.0111168322013624
1.1394304943937577,2.0212069899484986
1.1394304943937577,2.0212069899484986
1.1503627114325568,2.0230529657243164
1.1391669493525953,2.095108360847014
1.1650194307666548,2.028333431566554
1.1650194307666548,2.028333431566554
1.1606604516051469,2.011419134260762
1.1686808894668381,2.038840121179794
1.1261719721723524,2.0114005525574408
1.1740997546376173,2.034912686909854
1.1571299970555742,2.0095921923295013
1.1533910453495941,2.013096899731807
1.131125339796375,2.005305288233748
1.158936601860814,2.0155084419046254
1.0864259383897152,2.0088909821433982
1.0940066423911154,2.0083054121001234
1.15545000081765,2.0653033706983157
1.1550612607048683,2.0438993013910656
1.144573060899221,2.007425511732314
1.1663343009999052,2.0023750411325647
1.1799964057746544,2.0021010562560764
1.146578022647459,2.000936008729728
1.1507737624879542,2.0018607179785755
1.1590691020270847,2.0008382551880057
1.1566422134174155,2.002514040958984
1.15061534459703,2.0000717897089704
1.1560429783334805,2.0001341228052825
1.1342102598188493,2.0004658711163543
1.1519629351995941,2.084800839939155
1.1480340385160723,2.0050099346723447
1.1564154856942561,2.0935602288993795
1.1630979841346063,2.0146425306206854
1.1614714423099584,2.019401779597905
1.152004229810438,2.0060941267660586
1.145102195008093,2.0356332356326954
1.153895532391395,2.0119141758143604
1.1248248131032825,2.0055630734124166
1.1386610652681532,2.034031467201317
1.1548347942680086,2.013081148624501
1.1290389015854394,2.0435239015719744
1.1290389015854394,2.0435239015719744
1.0938246513835364,2.0085180322396226
1.144618379894202,2.008062887149494
1.1753049824196782,2.0080542845547695
1.1238473973119578,2.002153953999208
1.1337066938884564,2.002320800598689
1.1361180663507988,2.004193790263812
1.1513280832986865,2.0564929587099003
1.1301431339174535,2.003667463130161
1.1354756572861417,2.0064337953725695
1.1370503479274086,2.005993112278694
1.1368717470171186,2.022271838138551
1.1368717470171186,2.022271838138551
1.1368717470171186,2.022271838138551
1.1368717470171186,2.022271838138551
1.1622075266400218,2.0174687390861794
1.1630778450062984,2.024469717803577
1.1619416602668586,2.0163225878289928
1.1352723239015179,2.011721906425254
1.1505973764384416,2.0068033791949658
1.1487631358324069,2.0082526271244516
1.1495258506735961,2.0074439972359186
1.1605650624113544,2.0285185463718163
1.1474563574300283,2.006215365302512
1.1361066123063313,2.015940641747508
1.1361066123063313,2.015940641747508
1.1618659177703998,2.0164302517324106
1.1635906379537515,2.007665711400654
1.1391057806111116,2.001036465809105
1.1616952276862416,2.079615284519954
1.1560886381100541,2.000770554087416
1.1348132509732227,2.0018827654147233
1.1388888226031506,2.096845128756292
1.1593348193306452,2.0027468355061195
1.1255386933646698,2.031249385527784
1.1263704828975025,2.0057596172859045
1.1263704828975025,2.0057596172859045
1.1935868524125393,2.0145596280878655
1.1908112463969573,2.016186446492622
1.1779580754541608,2.0206477260553615
1.1732199608365328,2.018607091816737
1.1830204571427294,2.0036078746588863
1.155882468905849,2.0690266426981636
1.1249462018200158,2.0008833709961564
1.1194930476876412,2.0004387674926107
1.1218488576349317,2.0005523435815133
1.116067033993979,2.000119389439815
1.151051940366874,2.0013388531007017
1.1603412631980317,2.011774607262869
1.1491207354280044,2.003608250509021
1.1308357763847294,2.0410746288952484
1.1308357763847294,2.0410746288952484
1.1593910646306804,2.092361360309224
1.1215843212229684,2.011495971992942
1.1384745100210651,2.001332031897782
1.167028405876893,2.013229936776707
1.149464490871104,2.000118628917614
1.1472687711882728,2.000176690011187
1.1661743767582837,2.0274679777539646
1.1184242948797618,2.0122625156254896
1.1328883775842264,2.0411095652202373
1.1337301868803955,2.029964834513543
1.1337301868803955,2.029964834513543
1.1224284889576053,2.0048887948729335
1.1470092790068613,2.03257346804388
1.1404817336580246,2.0118526368820984
1.148866540232677,2.043149007592754
1.1292207387308422,2.0264643306429475
1.1577308582168904,2.015297903153515
1.1435156827092896,2.0072463625445973
1.1494319229669605,2.0172304441476308
1.1494319229669605,2.0172304441476308
1.1386506045257612,2.0090092019049757
1.1469937065129872,2.042734932684409
1.1797865663652003,2.009842796451788
1.117760138712222,2.0598639022806715
1.1769353046506275,2.00475248303044
1.1495095135335989,2.0501225168125905
1.159914289935698,2.072916886524879
1.1471628030772316,2.0006625628590036
1.1498277254770546,2.001696867432847
1.131359503270304,2.0034463787766836
1.172762148361354,2.005028918926916
1.1138573022554787,2.0054884569328992
1.183526804712479,2.0382324192008334
1.154292616973044,2.0143319165316593
1.1418716698784765,2.0350662799270616
1.1427353685503134,2.004604035573337
1.1414184979079847,2.003419338900866
1.1504016498201042,2.000681198492115
1.1305154842629825,2.0414090028236265
1.1419429897736684,2.0085532224894953
1.1423581457169483,2.0313269092931683
1.16930534259328,2.018008081053533
1.1386465995987483,2.0038685231995377
1.160258810665696,2.0011950951886535
1.1560766060802357,2.0290211607794406
1.1560766060802357,2.0290211607794406
1.1638591056980832,2.0192082494164527
1.1070346049565185,2.0272118903305376
1.1325292936772293,2.0061396539305925
1.1360671921741248,2.007140505149592
1.1383297905874201,2.0072757518037405
1.1416320206766082,2.009407188845783
1.1257698315870428,2.0691585515327904
1.1268872265816667,2.005205850075166
1.1671346240119307,2.0251762093290164
1.1592491280536168,2.0414845966001
1.1298286252712908,2.011368966270606
1.168489704953232,2.0330340783167755
1.1445730905028042,2.017648491677006
1.1226212414609344,2.109736332176294
1.1376171521572063,2.0085579663000304
1.16385845014957,2.0165896520571676
1.1509865292072408,2.021659194957123
1.144558540401223,2.0135587595174655
1.1716792354460377,2.0019721254196017
1.1229714918374452,2.0125556114943
1.1452883660895798,2.024393495825674
1.1364778368789523,2.019636030201672
1.155017033409096,2.0055867526943763
1.138360959062049,2.026322184257475
1.1477906811891805,2.021112994234358
1.1576532726562407,2.0066698134745535
1.1501045173586646,2.0011697031538342
1.1446311044799442,2.0899567957493783
1.123500923672645,2.040837920821659
1.1411475252137357,2.004682761477098
1.1328338509707327,2.0004534307288955
1.1489680829500284,2.0007485080484946
1.1371052276944682,2.0059318526746397
1.1348085678396977,2.0294949077838873
1.1348085678396977,2.0294949077838873
1.1627893194872483,2.009469649062803
1.1151576458928323,2.014871493518707
1.1180319112447734,2.0161954236531954
1.1552881195277203,2.0147805771504976
1.142922728192575,2.0097223836055194
1.1057180365642567,2.0145647033603336
1.1103702465594403,2.0144207755707604
1.1234486836938342,2.0768280705085838
1.1644301834868818,2.0645729154525116
1.1311306142881523,2.0083976894308875
1.166389176721131,2.007760596869414
1.1608450144525462,2.008870422329741
1.1422831857320292,2.002703710467444
1.12132727388599,2.065677124544302
1.1336748387779085,2.0084082792026283
1.1592577788175547,2.0616818026039176
1.1592577788175547,2.0616818026039176
1.1354966225150207,2.009436345149985
1.1377335884443514,2.0132503907345987
1.1534344483542065,2.000619445557337
1.127079011280274,2.0387841444772454
1.1391674073105609,2.0605943105031397
1.1311327098908994,2.00663119801065
1.1662521091365627,2.054248293386931
1.1662521091365627,2.054248293386931
1.1251269667216515,2.006308764462299
1.1245561169151463,2.0209848568610136
1.1618692108087687,2.0198487039543576
1.169796666758611,2.0134823444469676
1.1266574599391055,2.0055170906003896
1.1378201113873925,2.0092755588543785
1.1461618418912198,2.0042750829800005
1.1510586477532225,2.0237666054068746
1.148097457324653,2.0045286115838437
1.1569230254000944,2.0042987999778568
1.1236444676279222,2.010071157443891
1.1286566957954238,2.013542730909338
1.1500069467364271,2.042560722723585
1.1436532280969134,2.004783840819223
1.1723341671180696,2.0016819583320564
1.1550335785555823,2.020729358483542
1.1508834963601922,2.0108132711685496
1.1403367973093494,2.0041670208156654
1.1263687652624321,2.0019101004563558
1.1510915285714851,2.003998705404583
1.1382867050299497,2.0122383230039875
1.120092217056261,2.006229096909539
1.1833360518673026,2.014208233078917
1.1287422351707779,2.0389744595759294
1.1287422351707779,2.0389744595759294
1.1192059142283044,2.0408260723144833
1.1493745702814555,2.0083067699500377
1.128878117352744,2.0314381541733026
1.1286059549301741,2.0161147568113162
1.180703626116555,2.015205868984916
1.1341757116944928,2.0094031811939717
1.150914539147845,2.016340584573274
1.1358778217826728,2.00985456100123
1.153515925042873,2.0117380144940356
1.1611890785691894,2.044321068752362
1.1611890785691894,2.044321068752362
1.1181684853133806,2.003585401918348
1.1575633313197347,2.009591695160655
1.1435534711714215,2.0008924947135163
1.1366674004115334,2.0070854037458967
1.1520176787195502,2.0349547218076345
1.158859710723745,2.064194107991912
1.1692425351151778,2.023732514819562
1.1657987758914088,2.022862860929386
1.157678259735018,2.0117719598218047
1.1689604648508043,2.0303517093384347
1.1294386446212386,2.025786953448376
1.163651045214375,2.0170865575801544
1.1310644906012506,2.011595257650912
1.154337938288847,2.0136686117909175
1.129197593085088,2.006350330764931
1.1568689298282977,2.067449140904332
1.1127197452004942,2.0049595225451053
1.149564441072831,2.0031028251238627
1.1275024267971612,2.0036571287629243
1.1195802607978396,2.008691611698727
1.149858023069026,2.031113195201247
1.164834294704661,2.012916891415845
1.170104262415648,2.003696954558788
1.1094708763638599,2.0020363366709666
1.1021202464175939,2.031682927789916
1.099137364645952,2.0231774957094957
1.1581529286633534,2.020104563651682
1.1375380704135585,2.022744517615735
1.152027196528548,2.0178251686383826
1.153827305169887,2.0184306730918165
1.153827305169887,2.0184306730918165
1.1603386917673812,2.018978058522529
1.1295905566093927,2.0161170323363944
1.1593693737994237,2.005751847469052
1.1469154601736313,2.0648121844247154
1.1621655782373024,2.0789467329468514
1.1525018313832998,2.035901784965988
1.1469931919340635,2.0095245735246916
1.1465262745321658,2.093413590885385
1.1356409652826533,2.0029964321113307
1.15891640602013,2.000415412009677
1.1375714070666099,2.0013268085537845
1.1629632811098958,2.000765776983964
1.1285455577549603,2.000482487790643
1.121977977429674,2.0012494214812313
1.1608526285310052,2.0014772880261837
1.1519284636204614,2.0014366719032664
1.1401466413189463,2.0092634746024425
1.1477140889616877,2.0187905648101436
1.1628947892228387,2.030806451472022
1.1271517716945025,2.0142282482450553
1.1261174797537958,2.019095168846451
1.119949798517318,2.004031890823345
1.1337418365675995,2.109804103707663
1.1619891822058068,2.016348367792084
1.1761068252437423,2.006302508243836
1.1560939797172651,2.000480649921031
1.1789886921702635,2.0778274848840144
1.1010143014961487,2.0042936990408
1.1336162747051732,2.0577640381537496
1.160863344866295,2.0057799143026025
1.1369098681730345,2.010043688158814
1.1403071829845568,2.0052931323809693
1.131754080332636,2.060416155068855
1.1537061009413203,2.0089820123147364
1.1877268963797047,2.0082644099186697
1.1735454259754563,2.008401574975199
1.1675595588768952,2.0064870619096493
1.1197676736213498,2.0140272032912794
1.1708444888686298,2.0101384284851247
1.1464335266510381,2.0145279002531034
1.1074600233461633,2.0335499953667413
1.1300732854952338,2.001945869864222
1.1344066442228502,2.0102840591143365
1.1319380185443297,2.0077669277148535
1.1485838851692258,2.0140646403424105
1.137594344723346,2.0231864531206156
1.1551148170873429,2.036562554010503
1.155943741396563,2.005459177064839
1.1555564883977771,2.0078801680601357
1.1660254057278068,2.030227093719332
1.1691224231069968,2.0655675503272195
1.1691224231069968,2.0655675503272195
1.1450276876221523,2.090343204267073
1.144015890926033,2.0209008825797286
1.135444279259765,2.0776859964389716
1.13259942339717,2.050715912562711
1.1370521147943318,2.029814723914384
1.1559570426698123,2.0063173933895517
1.1165643264483416,2.018064230669385
1.1529747759389868,2.0281977902534316
1.153343979087553,2.007496619226469
1.1349987192862379,2.0076636770627543
1.139164543682067,2.0294311914198477
1.1653121115056968,2.037601790247492
1.1568288843735062,2.0113053337893194
1.1399954879528307,2.0088156057584574
1.1522555755393984,2.02926821439454
1.1256323896714981,2.0219195976318294
1.1206068268358462,2.021062551940159
1.1133542253652589,2.0026727881232484
1.1292529296714822,2.0001739682862665
1.1198394445967557,2.0001585526891095
1.132606695864891,2.000163885656474
1.1475029747297372,2.0027653412227067
1.1346541136185422,2.008771635946612
1.1221301559208505,2.012401910273083
1.141211433566112,2.0739175074524354
1.1609077880387655,2.0067993845576635
1.1533973303812954,2.021144158947194
1.1411755876891894,2.0047157916357357
1.155655508934133,2.008136559740287
1.1391880020912386,2.013451706606701
1.1365332630577085,2.0099494130401547
1.1176588513242525,2.0171437249446487
1.1720007981872191,2.008445311606286
1.1345521607522322,2.0119000248543926
1.140988178951729,2.0449739186294695
1.1233745883008264,2.0023097959549983
1.1402363475318238,2.05008290119813
1.1421346727877164,2.011647516683536
1.1462190561165264,2.0086928677825036
1.1549216107355234,2.007844755926002
1.1608809449680517,2.0545854669000203
1.160023941087558,2.006283158193778
1.134516461646759,2.0161412442265805
1.1614512769214016,2.014066025726157
1.1870312335056248,2.0341297761770103
1.1698262816202056,2.03076373303779
1.1737781160307295,2.0390955357274687
1.142668158192395,2.0465194871076218
1.1385477994583737,2.0439111559987846
1.1581727732174658,2.0044618727569787
1.1402604997497865,2.0171393283027514
1.126431984001129,2.0010264429858986
1.1739843679819455,2.0003498076588597
1.1218748415301043,2.000016755753783
1.1219427186689597,2.0000243255031855
1.1437768434983036,2.0000638895419733
1.1536506648653806,2.000364899546879
1.1400642765589901,2.0003831771796077
1.160736289567097,2.0003524439463716
1.1589714665154625,2.0003578155891044
1.1342603141757224,2.083224892535745
1.1173880411750963,2.0051220381376784
1.1170605211208728,2.0273984754471197
1.144134813235134,2.00117411764369
1.135964155299026,2.001026591305204
1.1505099395361806,2.007386549305807
1.1820620549751863,2.00490751295769
1.1088275001252548,2.0221534002796004
1.1842882167798991,2.012472562111125
1.1903653301459918,2.017019183525649
1.176010036565143,2.020954273632451
1.11868161506542,2.019912481149272
1.1452616310226147,2.011714074998306
1.1570128982159371,2.0074526687456724
1.0955941537174936,2.0082840748731954
1.1844484057508013,2.000144710048067
1.1083549893672628,2.0011099036099234
1.1550831081032742,2.0847648968837973
1.160182863097486,2.0217533963209138
1.132102800648085,2.0049977841133115
1.164854416014641,2.022319755417769
1.1383035525007164,2.0173472808280613
1.156081015270956,2.0264458576306583
1.1706413928221007,2.021517796705857
1.123152678979737,2.0216411338445135
1.1155446424828463,2.0175309133252974
1.1418293039241239,2.032828824343205
1.117859616365943,2.00431672607937
1.1198621455928754,2.0045642884032984
1.1362381298120068,2.0026212230853404
1.1480163618393904,2.031024964413861
1.1811953540396054,2.0198000189354652
1.0872801208948897,2.0205458897791355
1.1576094182323458,2.026964434020813
1.1614733085541882,2.016703548352775
1.1688703812915984,2.01239018167926
1.132939285078989,2.0137101949313703
1.1630184043958471,2.0084302327946286
1.144005592816471,2.0094648314776715
1.1381162335506059,2.0320043424371383
1.1370015169726497,2.013537119208001
1.1370015169726497,2.013537119208001
1.1620102853384267,2.023134294767631
1.1498767169832294,2.08877301097973
1.1498767169832294,2.08877301097973
1.1191465269910756,2.0056179392403
1.1629380011739308,2.0101337634084313
1.147078330173639,2.0096830312653444
1.1284415351058266,2.0558357602313757
1.1501616012162876,2.0007120613175733
1.1521044578920616,2.0010533763699265
1.1367122039134614,2.0022805121221925
1.134551495272051,2.001582844838128
1.141553602012013,2.0293050969691513
1.185026295877653,2.0126603543014214
1.112174185689678,2.033959882393057
1.1588547888661516,2.0171870672757946
1.1481432126721667,2.0296937160037696
1.1486266350361403,2.0047545257867134
1.138262378790458,2.014667420253427
1.138262378790458,2.014667420253427
1.1340360586514704,2.0151765724771487
1.1301906843508749,2.001915885621316
1.1692385129409557,2.003124612745143
1.1480858801004976,2.0009225181460284
1.106282894996641,2.027551035553926
1.103137311116399,2.070311667254786
1.155813861219679,2.0026355614601896
1.1168710669583466,2.0116704982759694
1.1636542757907586,2.010992620148128
1.1493122642086036,2.0381464509445655
1.134128558886928,2.013142868001825
1.1595049619180922,2.005942867939187
1.1197965368106682,2.09878053687961
1.133407887345382,2.0007694087820678
1.1953971273538464,2.075847203724185
1.164796127520077,2.008987274548554
1.164796127520077,2.008987274548554
1.1512349467237268,2.0373508623169023
1.1453072327093152,2.0047162962019627
1.1490243598995056,2.015370138424778
1.1578455820178988,2.0367105290049543
1.1724034028040091,2.0182975039024176
1.17235388653751,2.008087629080784
1.1391479726423674,2.0079598313066165
1.1479452703247985,2.007445772818128
1.1326071482844253,2.0174885955755464
1.1520242703071297,2.007969014387174
1.1625220884357954,2.0429889160263834
1.1185742724276075,2.001928694189982
1.1191035511857634,2.002090307473587
1.1319937745269646,2.0184406913579243
1.1284340524323149,2.0010544116394455
1.1233356719952963,2.0077585734522687
1.1700436835944854,2.018542735201738
1.165611031102789,2.0020601190473277
1.155951089463445,2.0027846087017047
1.1430938394885246,2.016862440947068
1.1571988150628474,2.031479520070528
1.1354101674325114,2.006898667082533
1.180241043824651,2.0007606013465846
1.148329296698037,2.001579969184079
1.1422954269976375,2.004755426214471
1.1783724744108612,2.0131493133387908
1.0931264783933317,2.0051037258107516
1.1093861171079717,2.0058562003139344
1.123095574018079,2.015445818010906
1.123095574018079,2.015445818010906
1.1428266879348266,2.037621878980615
1.1428266879348266,2.037621878980615
1.1245673931554352,2.003201994873026
1.126742783364308,2.019313677428586
1.1648517544156758,2.0246534517854893
1.1648517544156758,2.0246534517854893
1.124759994696468,2.020918259491964
1.124759994696468,2.020918259491964
1.1686347854384762,2.0048505522969187
1.1732654970733234,2.0042898793254045
1.1446215960841717,2.132510613670323
1.1513094507366861,2.0084916186824766
1.1659379326276147,2.0724674040808693
1.1813620645238208,2.0420654612022653
1.1813620645238208,2.0420654612022653
1.1306146384563838,2.0092125242731416
1.1460620207016614,2.0388328624374834
1.1458453167578817,2.011259215892957
1.1555914747384064,2.0055695752622307
1.1279368062389128,2.0189733631787354
1.1453076964926607,2.0295742378638506
1.1453076964926607,2.0295742378638506
1.1411987122770808,2.0059324373759244
1.1558804100423887,2.0129770814235437
1.1377825535162958,2.030603124531795
1.170450721534191,2.0390951583576853
1.1747635826751304,2.0100206349294627
1.1747635826751304,2.0100206349294627
1.1554332205901658,2.04730817679138
1.1634888522240139,2.0038554099198658
1.1270279240409844,2.0622184223786313
1.1270279240409844,2.0622184223786313
1.143206222885939,2.039763083065132
1.143206222885939,2.039763083065132
1.1421188098882398,2.00834576864135
1.1213356836126804,2.00451750895867
1.1648550260967259,2.008736054504447
1.1426284750489855,2.0040004484024245
1.1544081306088603,2.0065207650022754
1.1609151038179892,2.0170221894832308
1.1387234121375391,2.0077967302474464
1.1590682817931774,2.0188361778316675
1.1328691129985462,2.030895323947211
1.1319359809009963,2.013776364074869
1.1541971741581525,2.028197006214242
1.1311177952770857,2.026965819686061
1.1407731424939838,2.001961260872538
1.125850006950574,2.000547081679248
1.1494312333624543,2.105357161213857
1.1494312333624543,2.105357161213857
1.146669901307749,2.000619352375263
1.1339057531966505,2.0006090406687336
1.1273842183581861,2.0003693689382054
1.1640449383488738,2.10987296156846
1.1844341143845614,2.0438338262482425
1.15564692851669,2.012258449625719
1.1374838799063176,2.037208489846399
1.1535332723770437,2.0722850737563276
1.1411295438074651,2.056599848729426
1.1356008984636068,2.003265727385218
1.1349284306651677,2.044803750694319
1.152535672171844,2.0262862191901703
1.1362816337309904,2.0204725012559557
1.1362816337309904,2.0204725012559557
1.1465815017259229,2.0069633990671485
1.1503691006064087,2.0060084194694165
1.1503691006064087,2.0060084194694165
1.1032919449237832,2.024573428531766
1.1032919449237832,2.024573428531766
1.1177352817524662,2.0199532313387025
1.1497555559811223,2.020490731711906
1.119025179316238,2.02336320059841
1.1733940860469039,2.0204662424064725
1.1305821698058258,2.0209011437838362
1.1736205505935458,2.008205715741146
1.1255427293084905,2.0113675133992115
1.1619049282075884,2.021106852812387
1.1216122699994977,2.006065161126395
1.1691021605559857,2.055222663709718
1.127336141246874,2.006933941411286
1.1527527448435093,2.0551942188538335
1.1527527448435093,2.0551942188538335
1.1334001971076524,2.0085366379875547
1.1472110383016094,2.0146144922317473
1.141046085175404,2.0397302183182404
1.160385285305774,2.052981446763132
1.1530198097655928,2.0089255138592357
1.1458346600922942,2.046515346081951
1.140705281438656,2.0093102869597668
1.140004597468811,2.0144790997502717
1.1508230234279235,2.0080982867224795
1.1471574000623939,2.0425241183387435
1.1577288701779385,2.0027225763090493
1.1412193064053242,2.047858080644066
1.1436767163676143,2.00644504665975
1.1521128714098094,2.006081483741216
1.1521128714098094,2.006081483741216
1.1468493850265993,2.0595297912707586
1.156929064938107,2.002297981974414
1.1456243958780927,2.0259719907032174
1.1519917246427809,2.0075591183965553
1.1186173836845805,2.0255443300596094
1.1541195695881108,2.0083464831112736
1.1408771535522206,2.0171102280137894
1.1408771535522206,2.0171102280137894
1.1306808584954688,2.0067535509215015
1.1318892844363606,2.006296984716951
1.1530083838239327,2.0566944636177884
1.1604244965403772,2.0266230399782885
1.1388932232808675,2.0011786660514486
1.1406732692969055,2.000204734224768
1.1842976614940375,2.000182896703591
1.1159928412509685,2.0109457123772456
1.0932507871860493,2.001619619133934
1.1307714707299847,2.0027440439913216
1.1122193318949498,2.0194595437651515
1.1101824322617708,2.0449450763481107
1.102143608927648,2.0402326797534234
1.1542422579410299,2.057198711079105
1.1304734880830176,2.0046059012921758
1.1596411266560012,2.000965381079963
1.136666041625208,2.0994944014741317
1.1618393476980848,2.037543127107557
1.1908797025198912,2.0040238672432524
1.1514631868181668,2.0393267268168795
1.1514631868181668,2.0393267268168795
1.1451554651933322,2.008573143657493
1.1671827449747272,2.0116531342587223
1.1219340461746525,2.014392418609702
1.1619781114899008,2.021388684200435
1.1302468285019318,2.01439657603801
1.151663440685374,2.0037557012140503
1.1385021188276312,2.0439935920477463
1.1539129504682726,2.0095330321694806
1.1526511404313242,2.0103299188673796
1.139047816095216,2.0011518981817904
1.105639565586636,2.001509185829523
1.1467877217529783,2.044843688512745
1.1467877217529783,2.044843688512745
1.119731427894818,2.0129680970753796
1.1410135094183893,2.0548044511817274
1.149748490000515,2.0179042073687468
1.147514669334585,2.0097592996780613
1.1030804753105559,2.019248108939641
1.1534103483209313,2.0328290383852985
1.1534103483209313,2.0328290383852985
1.1681350561699853,2.056777398382758
1.154323774041701,2.0101963439677735
1.1742913458651107,2.0361821443902843
1.1230254113097609,2.0104640581632904
1.166000166290699,2.042886595872656
1.1608722555099908,2.047090290855871
1.1543612987664502,2.0249771970875456
1.1388446319973955,2.003039860703568
1.137992849814517,2.0020229389449
1.141324880342396,2.0007692160710513
1.1550850789439813,2.0027004483241426
1.142028726335988,2.001596509045981
1.1542332476688968,2.0472322059277284
1.1470438307946393,2.0046349933385
1.1696267741188602,2.0029154468668002
1.1140000551351763,2.009260650299662
1.1140000551351763,2.009260650299662
1.1446898880068856,2.0433809740856503
1.1446898880068856,2.0433809740856503
1.1446898880068856,2.0433809740856503
1.130115873753402,2.000606347967592
1.1650243494119008,2.007777478181415
1.158007605449355,2.0116200243036273
1.1397155282677638,2.039165465021309
1.1432718235996537,2.0266212614884207
1.1647183496261577,2.0054568834095434
1.1492225239221077,2.0065691304788653
1.1365170765094148,2.006713025851229
1.127221811690503,2.002762185326208
1.14798496712066,2.001844683892698
1.1343166597712933,2.000916346611205
1.1523104380160811,2.128753068524415
1.1500770643715044,2.0306429323566006
1.1672337425430586,2.010290031929987
1.1511236149117325,2.035131321458959
1.142533015197649,2.012970033732516
1.1163990211394748,2.0182801078366848
1.1154556703487897,2.0633905404321897
1.1128599569713602,2.0380222204897507
1.1548755597693008,2.0110094215785432
1.154401761839224,2.0291320212001245
1.1388726449474948,2.0177605145770414
1.143708892641035,2.017503563371191
1.1548818919636745,2.0213744326424417
1.1423189935384794,2.0122672444185135
1.1536559145156007,2.036301486575979
1.15346490049951,2.0161533857407545
1.1109115088167372,2.0500038373536276
1.120265680718636,2.003727203005322
1.1239736897649113,2.020213128729116
1.1284250016064667,2.016865727304665
1.1663878427668624,2.0231462594293306
1.1302558017241484,2.012085310687402
1.1468945780083915,2.028128213913324
1.1414424063562723,2.0284660069919247
1.1414424063562723,2.0284660069919247
1.1252635790481382,2.023142642695932
1.1197001087995304,2.054679064195282
1.1197001087995304,2.054679064195282
1.1551598979672049,2.010318454010799
1.1528088746320193,2.0072262926505244
1.1744112677755674,2.068258430662588
1.1777085949157575,2.0655166323895364
1.1777085949157575,2.0655166323895364
1.1721727361229404,2.0031644071302086
1.178216798122737,2.001314818957942
1.170644777347068,2.002213907911148
1.1754370375857381,2.0034437089872688
1.1452094695410777,2.026050227752132
1.1458849615661093,2.015261419056094
1.1458849615661093,2.015261419056094
1.1646743195924951,2.0012108601655294
1.1896953970912696,2.013596265483882
1.1681071194125845,2.1014510071523658
1.1647184670209623,2.022065829027335
1.1647184670209623,2.022065829027335
1.11901514015098,2.0212191670741846
1.1725129321454468,2.0063025179146914
1.1170799787461818,2.0389976740111115
1.1420223712793238,2.017391262364974
1.1670700513431624,2.012328520428982
1.0979103645069246,2.0149674642828446
1.1011870659142229,2.012618313933381
1.1158542049023088,2.0726542870820372
1.115033075439714,2.035941960514383
1.175839845690283,2.0153379737041606
1.1130804643693064,2.0174848158427796
1.1409588104512247,2.0136033386512198
1.1395503012687915,2.041117376780573
1.1752869455511281,2.009453188318014
1.154800546002427,2.026712280035179
1.1387405209883512,2.022049975004601
1.1528745650353047,2.0095551624914365
1.1386190471435993,2.0071457442113165
1.1755228287811625,2.0583089469069193
1.1755228287811625,2.0583089469069193
1.1159459459613095,2.00487897616581
1.1544719093520595,2.0164458227702466
1.1761562066039875,2.0041030236318305
1.1721098178418972,2.00157586536875
1.1653565510187542,2.0030456902553566
1.1381357195443298,2.001920159607103
1.1542457797596049,2.044590931535802
1.1399229431102316,2.028696857640161
1.1345389263536352,2.014160333125162
1.1644113507360394,2.024483616486023
1.1455741348078112,2.0203031889795686
1.1483175312651652,2.0034958810879204
1.144747885729439,2.0085520823152887
1.1315852721015793,2.0266959320121583
1.1365225873383313,2.0062871282828905
1.1292998402025722,2.014292184744651
1.1263181302890966,2.0109688935552366
1.1503438673187742,2.015732986508613
1.141922788908024,2.026547819300968
1.141922788908024,2.026547819300968
1.133601189699677,2.0017904076622406
1.132502624546496,2.000506345337731
1.1338549247214398,2.000134929580622
1.1538984699624506,2.000134858324841
1.1239067505236835,2.001329480007384
1.1485390314514174,2.005258709937352
1.1038533051871688,2.0504285474225123
1.0878637652504257,2.03749636128247
1.0878637652504257,2.03749636128247
1.127591734853527,2.017847719820091
1.1673643233135094,2.0163845692094484
1.1406264397729653,2.007741763669744
1.1427981793568895,2.0008286070801993
1.1439255770709857,2.0012052658790815
1.1686425868048564,2.001736601606595
1.1543505760850432,2.099797687361921
1.1643137394312568,2.0181393845700866
1.1235414558636767,2.0317412077864154
1.125558188091757,2.0109590483544038
1.143871403084357,2.044907612553167
1.1516330191093536,2.010111139069725
1.1531630567992925,2.074547383353329
1.1562057992439048,2.0124318810779007
1.1360094912298728,2.0228303548923323
1.1360094912298728,2.0228303548923323
1.16036032216705,2.0103979080088323
1.1213128158569776,2.030354250824748
1.1410795216428349,2.0041938981222716
1.144342795154774,2.0501328212483814
1.144342795154774,2.0501328212483814
1.1406833527642257,2.010905810108498
1.1530189720451849,2.0028925306854823
1.1537562189194526,2.0015322737492096
1.1714385408350005,2.0014937729716116
1.146009603287891,2.002106355021324
1.1417101174676394,2.0063175709887284
1.1258417192296986,2.0272760604416353
1.1305343364989446,2.030457631009679
1.1523003439355917,2.003004078717112
1.1523003439355917,2.003004078717112
1.1486137661531755,2.0038031150783153
1.15294725199463,2.0030569038143806
1.1566361406520607,2.0019653398978536
1.1447260563004957,2.0077549260608447
1.1111141317371565,2.030693479478716
1.1377621582215471,2.011678202876262
1.1504569624805576,2.027042900759779
1.1287032816568494,2.008423128530203
1.1412501101016268,2.0077577975000427
1.1193754123110637,2.003816832457205
1.1287661071545638,2.0021256276939057
1.1663178316229184,2.0484022153574313
1.1663178316229184,2.0484022153574313
1.1649725787762222,2.0108338779840653
1.1592512738833365,2.001618251872372
1.1251566784843836,2.073105062738235
1.1475317072303006,2.0474687518265413
1.1178571178641579,2.000659687581956
1.1106026150554427,2.0005640761754724
1.0820099058815298,2.0021224683126984
1.0933169767961932,2.0033016989892345
1.1440085267869866,2.013422991962806
1.1733873352077382,2.010338417549863
1.1742994054588314,2.03644108475088
1.1623220046919402,2.1279018953799507
1.1318207308917843,2.0007864614045303
1.1567248397513656,2.001596618289597
1.1615362099967612,2.034329273029457
1.1615362099967612,2.034329273029457
1.1368190648093095,2.007291709150824
1.1368190648093095,2.007291709150824
1.1504468642554007,2.0015058493398694
1.146278888785461,2.002935397645864
1.1475012310573767,2.0008290050623088
1.1443535925803316,2.0010463587773044
1.1703079460755426,2.0036300674729204
1.1203714103967934,2.015701564382412
1.1353983864285493,2.0165010985317093
1.1685850014251562,2.0124608927358207
1.1480553761237573,2.003700664358032
1.1489100536504415,2.049743947174508
1.1470946069590797,2.0111200428092837
1.1646417960236621,2.0082109099096033
1.1413450529494307,2.005760688700772
1.1608115227934328,2.0429422355320557
1.137546485188198,2.0087545410046594
1.1292909959077522,2.126200656679645
1.1509199633728489,2.0066259348503706
1.1414279009084918,2.016763681746339
1.1629701979213305,2.0304860408600405
1.1629701979213305,2.0304860408600405
1.1371429103088446,2.003104269304789
1.1480950489565207,2.0338608898000623
1.1480950489565207,2.0338608898000623
1.1480950489565207,2.0338608898000623
1.1542033312725342,2.0184271629133614
1.160572261727449,2.030916114530381
1.1370299242439899,2.012714272791796
1.1130950682829384,2.0404641009598703
1.1130950682829384,2.0404641009598703
1.1381773469716547,2.0355818761368702
1.1489074218793167,2.00527515811862
1.1609146407879194,2.0041847900289893
1.142997774737792,2.008432345909974
1.1493825745635582,2.002019571849562
1.1342742708007088,2.0010288873591735
1.1619078134165808,2.0080606649361106
1.1475626110696302,2.0040446742772904
1.1638034594806794,2.02773308649076
1.1568803189129364,2.023282465108597
1.1351371404014583,2.007507118968665
1.1586545543766538,2.007609331926314
1.1501750370736548,2.003086618014531
1.1133809417660092,2.017575045732094
1.1333008709423522,2.032992828219146
1.1339234814794246,2.0123219783371966
1.1563919539976073,2.0190789649539687
1.1610734119403094,2.002077566625928
1.1210374218880128,2.0150349634088576
1.152804180331232,2.0385668240229973
1.1367441229044704,2.011614711167026
1.1481761050640673,2.0506995896958986
1.127555174553655,2.0087056789117996
1.1478402767646791,2.008825600204474
1.1741929723507019,2.0447787595108067
1.1630129196845416,2.0274158895932493
1.1353608805967073,2.010043195767307
1.1255420620575387,2.0323218195427986
1.1521210748550659,2.007173472873277
1.1570864621965236,2.1132478612267165
1.1505785467203589,2.009801680138161
1.1508803291564182,2.0017574215432186
1.1566531967875153,2.001058406983416
1.1299234520861707,2.0003640423243803
1.1491789137192794,2.0002477733156154
1.144685318897747,2.0003647119060104
1.1509645892970728,2.004966339996121
1.1209636003867534,2.086129679094292
1.152920019853121,2.0940041381522847
1.1242408047772814,2.001274709476424
1.1298840191415527,2.0035176255171123
1.146067014197479,2.01283567722043
1.1252025391045566,2.0041353161986373
1.1586077028529052,2.07623517804993
1.1538526126323831,2.085313161575983
1.1388777475090426,2.006643305564607
1.1436503679744017,2.005522691696368
1.1472325281154052,2.004407455294798
1.164109974792698,2.0230359615254905
1.1071371644625216,2.0240703975580603
1.159189965964264,2.010189637880783
1.1149622334308764,2.010780397039078
1.1484901093906414,2.050870474705085
1.1349419974179,2.015143726328836
1.1593259336735007,2.007721211476142
1.1345745445393083,2.043229643338445
1.155956285340663,2.0135339637326286
1.1188160863200995,2.0133263632588325
1.1758544581939097,2.008181307355724
1.1142307666638518,2.008348446761457
1.1434757630914343,2.0063686795227293
1.1366548226095017,2.0057523566111244
1.1586476750365997,2.0071788946367617
1.1596895605500903,2.0218281508326026
1.143477045466997,2.0253047298411375
1.1352065632641977,2.011114308712857
1.1573166819164658,2.0244074340015947
1.128428714419575,2.0236082642943307
1.1673251638720403,2.001551861174457
1.1497716042119,2.009466727459107
1.1498355201559818,2.010740058263302
1.15105780908796,2.016667096834094
1.1460577352306032,2.03455560060415
1.1370558908171973,2.020402640803084
1.1627453389410736,2.006856406570943
1.1672890553273665,2.0016129023593985
1.1480453599863467,2.0003568347566762
1.1244094282358006,2.147200842210643
1.1448231977579322,2.004582323914352
1.1279127969239464,2.0177868965085604
1.1380210488423481,2.0042993029561584
1.1517762517032673,2.0714578435597644
1.1445413633178165,2.0007237935503914
1.1398830467171384,2.001676623613073
1.1695693106098786,2.006788643019535
1.1361160706049618,2.0008613646124735
1.1833583277152098,2.05986708500206
1.1390981817250085,2.046939407740559
1.141287790956244,2.032390062888215
1.141287790956244,2.032390062888215
1.1377443612453437,2.059557932144021
1.1524565616543965,2.0097800940871373
1.1467644815224356,2.038618739802686
1.1593154875086864,2.0021880245128223
1.1750524351341662,2.000235823067091
1.165905396092716,2.0004562297017814
1.1552495196095238,2.003660694985924
1.171535754918026,2.0019242506973836
1.1243097678750267,2.0088148743581176
