beta0,beta1,q,t_int,phi
0.8174306693937059,0.06676374954856801,0.16055734095709737,22.67198123240533,14.2483359945474
0.8138774849569218,0.06994585151817671,0.16431806572551513,22.685726433230474,13.251507665409038
0.8213343190666919,0.08131129492634549,0.19591900615189517,23.096948139224097,11.781549053289643
0.7999281842728111,0.07933798527024331,0.2305481349061271,24.87409971757757,11.996910801473451
0.80128256072464,0.07657596320931209,0.24706174182127183,25.317583479484544,12.406575669584143
0.801311309157543,0.07869906555624298,0.2617188116408452,25.579109300373187,12.935562911721263
0.8163238343677495,0.0808690785670956,0.18614901937962755,22.98141947582042,10.52490348714354
0.8066146676792516,0.07151927514589193,0.1715994877747561,23.233625326049,16.122191607843682
0.8030958948819811,0.08817567841586796,0.26454101599603635,24.86918728062192,13.466585975547414
0.8086136738522752,0.0782614328613476,0.19682445788191022,23.706489236197292,15.600052046871426
0.8133491403332265,0.07580983709382667,0.2036895932363447,23.927243792062008,15.207453493319436
0.8149976452812216,0.08156568163528802,0.20269973282319867,23.560890939495145,11.21356035655733
0.7944720591096726,0.08099932937457086,0.23714495940913896,25.13298931337024,17.8370909401406
0.795850681643981,0.08172971787956129,0.19680064048633117,23.93105944623057,16.028484810659016
0.8057972426563216,0.07177479390021091,0.2326927733147262,25.13055110790576,11.344999946209617
0.811926457534398,0.07654674585633588,0.2187629275622512,24.56576813664956,13.47699909276212
0.7989543288066354,0.07464841474071016,0.21383410665014996,24.646558794649625,13.941741112178946
0.8093636750476894,0.08619054878927952,0.2529558478679463,24.655670943832437,13.485965898948947
0.814144797638353,0.08503038050773694,0.2619081085398485,24.87419545937728,14.753151638943287
0.8012273319352847,0.07894214047544043,0.20536710720336987,24.077930351201154,14.379030646714918
0.8061574693513465,0.08690324347640804,0.29060965917596887,25.508152181688402,13.988483623846427
0.8065499155731023,0.08442797085202533,0.20490420373066637,23.900829970223747,10.647862868109387
0.7931337852336162,0.08071408412507393,0.31886909226431326,26.529046470583086,11.717489859611447
0.8196796003463624,0.09287898075695548,0.22526804618440743,23.478940107923812,11.066136806511276
0.8221944259228143,0.08096930169774953,0.21693015486997985,23.77697454504209,13.231302362679095
0.8232415450327469,0.07898209184131454,0.230707195346497,24.222443867601402,12.582558617665528
0.8183566000248987,0.08200552928255624,0.183192794470862,22.833709046332967,11.938790031883142
0.7928003368153232,0.08420538688737195,0.24877391446195518,25.222003009694298,12.405782139510709
0.8232921104391077,0.07286112893399159,0.15612937845507607,21.92179574574598,14.327121296769446
0.8246434909658028,0.07378596660577466,0.15962201740827558,22.213934142399246,13.723066251377634
0.7878110961025346,0.08831637260384342,0.44569752013114233,27.45746838053125,11.238698525851229
0.7998413542202649,0.0839080564999478,0.26364343843806465,25.32131385943744,11.634795235577668
0.8216577906220578,0.08164130707784963,0.19101545858252866,22.825426177062784,8.73872586606711
0.8211876956122615,0.07578885096687003,0.2030572270923977,23.539164062994633,11.676500556447053
0.800329973321753,0.07821135954574467,0.2051309342953578,24.10196994271911,11.551515703384153
0.8015137422326502,0.07126269554160157,0.18699747755079948,23.78678561098646,11.533049873916562
0.8106226383867116,0.09202849017565723,0.2814976246746491,24.63214783210897,9.4911333726042
0.8023237145579633,0.0798383472844185,0.206707216323711,24.323463439040513,13.012564595000505
0.8119751440681008,0.08187931104773852,0.22978673966057336,24.416022392366592,13.55929901222629
0.8108238106031977,0.07719285751461943,0.20500136603262653,23.87290930772658,12.947427816302184
0.8182602854698645,0.07642214132907676,0.2064317895441639,23.702585334260817,13.401502451682834
0.8214048246473301,0.07954822961544193,0.21307229032373318,23.92079032084761,14.137430928776036
0.8116323956600273,0.0820801125630151,0.19651307220084377,23.20438517445363,14.598742194955175
0.8148246815662477,0.07941637085844344,0.18748987145580318,23.300028030625676,13.333420884689517
0.8073992457438194,0.08233554770743097,0.24879042177635327,24.7566805278158,13.491043048696696
0.804511472077841,0.080176651812827,0.20735959294111916,24.027512510758847,11.862896446505253
0.8082390338829926,0.0768451001717554,0.20080572056082832,23.876919769397727,14.102748645839215
0.8156943802185281,0.07948078930919784,0.19580671254167367,23.416828186390376,13.247079446574494
0.8038608170998296,0.06774976869114406,0.16650330883687364,23.273459844909993,15.291773779777008
0.828932703698665,0.058622408523478504,0.12835591359568288,21.194406533456437,12.293683097423418
0.8010989790304754,0.09625368679772688,0.3597194917418842,26.043371680788784,11.128377380626679
0.7973054703218241,0.08178275191807842,0.30094361007028125,26.163069236831312,13.530898347765577
0.8103181074852853,0.0900340488329995,0.30347984040107795,25.313131452071172,13.932665048045646
0.8092548044449791,0.08707932397116368,0.33161129395399874,25.830860475828718,13.889529105390478
0.7960413479656225,0.08919864252552677,0.28964643895013287,25.583639067667946,14.734597713935743
0.801474897806702,0.08963624380228362,0.35729704700417875,26.203113876390358,14.306675190614481
0.8105094186403531,0.0812020061484957,0.403039402302095,26.747849819686067,12.063129255802137
0.8201691024075652,0.077151260833532,0.16703650484509133,22.418672315843605,15.44280476278011
0.8031115201561106,0.0804851240078537,0.24576507454672822,25.005740968334145,11.12421993934144
0.814624612026363,0.08351846970240939,0.23932528349712,24.485903864816116,10.40962561664642
0.8133317978539829,0.07605125185556846,0.23842665705700886,24.887789551996285,10.139219878437006
0.808527047614321,0.07051431141906873,0.21449167207815004,24.869282714333806,9.613380497931033
0.7969599995661539,0.07195192341203797,0.15616402201520627,23.038947167997506,13.895898947893931
0.796255703840606,0.07163479576474234,0.15534606376239682,23.088848183393903,13.836925523810498
0.8000668400274171,0.07317211567353646,0.16572386956683552,23.23931768415077,13.133891154805374
0.8076746046267492,0.07234458211665468,0.18493552665722923,23.505691082584296,13.318038069668745
0.8047246848551965,0.0884819394063688,0.2571878969961454,24.984633830664166,15.411594971700236
0.793617813871131,0.08537946454386725,0.2473246821380798,25.250175769741492,12.264919130998608
0.7967348295080042,0.08075748776445091,0.19843399326019195,23.792382568567298,13.462346777193584
0.7971735950584027,0.0812102158720638,0.1964530817567049,23.98634895482072,13.413843912338036
0.8031352345363338,0.08490257069089883,0.2424422594632148,24.80216624107517,13.317813873887676
0.798059461763354,0.07681048060027748,0.2545868307218679,25.519304748277655,14.456798254873735
0.7979663127473751,0.07617218878994578,0.24976945432010333,25.621940183867128,14.547896723390885
0.7988944935414017,0.07537784947988316,0.17564530727224031,23.475290176766844,13.900895066947985
0.8026279226416404,0.07319013191831877,0.18505775471088584,23.639008028004394,12.5015596862674
0.8126896804194003,0.07678414961964909,0.21238052997739396,24.13071140428824,15.22020584412872
0.8135516740065305,0.07885638848773117,0.17823378071447804,22.96650839234153,13.516221164164852
0.7962667230142235,0.08357234076313608,0.2456286151630847,25.18375781583365,10.473440444359387
0.7927083220071418,0.0896437141693853,0.25612927672905444,24.937155823056163,12.735075026504774
0.7948968197965481,0.08507184705415693,0.2925476406473513,25.752285335859266,12.335866155367881
0.7996499507255678,0.07860311876222995,0.2466212842820272,25.184610011565653,10.944299473070465
0.7973849703089995,0.0751536278074463,0.2132119994848359,24.660221330591497,11.07471961942516
0.8013432232523968,0.07528630548364564,0.223575728326438,24.77488198607643,9.736569325849192
0.8162440064126913,0.07201927835343844,0.16706760968317486,22.619444241564302,10.591245717782124
0.8172091098046749,0.07552043388912762,0.17373639327283966,22.814958996015502,15.606356866283637
0.8211947351014661,0.07569928476863322,0.17694692268481874,22.727707578182727,16.84845162706535
0.8205390084351809,0.07472589866868971,0.17340746948486987,22.75409330056399,14.89082930391851
0.7917588226267772,0.08701988200121091,0.23997397669727866,25.07626771112438,11.880868738554993
0.8199094106060972,0.07215481776083557,0.1669535499185143,22.886216407518564,14.528661658989558
0.8195410327343601,0.0666944241847046,0.17365953917277271,23.204750271265087,12.754258258339968
0.8174797740373521,0.08144543816151671,0.24232490884283853,24.488001036765603,11.851585833214097
0.8041385084280632,0.07614644224184867,0.17844033787889038,23.338682254340956,12.251872834601802
0.8219055644175053,0.07165833892747633,0.15459891116241237,21.89988335541631,11.150309270565515
0.8101405674075067,0.06259134810864737,0.16816538395501027,23.32330704158156,10.611491478171509
0.8137471197275895,0.08568347730130448,0.232078949769207,24.24920048745793,18.98187671898958
0.8053274240350681,0.07922797139913733,0.2668462880984271,25.53257886271628,15.058775239821484
0.8119429388302114,0.07534942850349144,0.2580258596080535,25.157307908386187,15.707596850148217
0.7901547139290763,0.08723879665586022,0.2108219669455823,24.341681874669636,11.65779614739128
0.7934837171037881,0.0913698007937366,0.2309123437238599,24.55062709605159,13.132221335681226
0.7946794107096697,0.07649543068077219,0.3267992387709776,26.766722535857852,10.586937969245131
0.7901725876852269,0.07484985952614209,0.3194810178255291,26.874618294379413,11.63878552648701
0.8246153923499951,0.09044191074658268,0.27266632490420123,24.36067455749752,7.228591922664675
0.8173665844097856,0.08170705592754599,0.2691606151006028,25.147084080571855,8.023018506175942
0.8423105570248581,0.08951945434804771,0.17287892418464998,21.47777964784342,10.595562708287813
0.8393668496976038,0.08953700220016339,0.20064430254839224,22.389702112386868,10.674565244748436
0.835785151387662,0.08522726974296747,0.19117984970220223,22.41662827635731,11.521647893844618
0.828047947176292,0.08039920472537625,0.18765410686178613,22.649400368798908,13.712501553413345
0.8338537157194831,0.07904051596593896,0.21476720108376296,23.35509334866114,13.66150483816609
0.7978858522934317,0.07292434427367522,0.20248937249455454,24.423956275376717,9.594459307329496
0.8107928626978006,0.07000074816076206,0.17739551890843427,23.326719470677112,8.968044442863391
0.798528280758173,0.07081886019257536,0.17061852382485362,23.660777343880703,12.127132804568268
0.8178008926383711,0.07324882640175898,0.17049326842439094,22.68540420810899,16.351002889935124
0.8084453482494628,0.07213356199376003,0.18594783750559138,23.619272784831537,13.73532765841704
0.8120700622503073,0.08332394964619712,0.20492291178246455,23.560780236250974,14.577411716672202
0.8230453576635763,0.07983879011335787,0.20558099409293235,23.400459529100463,8.455345825414538
0.8062930902815358,0.07278448169777615,0.18631032776686623,23.790016597070686,17.22967734872362
0.8162211485659991,0.08880379057336203,0.24175114522077723,24.157403074020472,12.432304324977016
0.8162178092682929,0.07652805735811144,0.17256798558559827,22.8958250154676,10.800679864341973
0.8020817152188324,0.07406557623474108,0.22339061764687843,24.78125723269336,12.31008317640566
0.8087918188082218,0.07746150596001798,0.16288802491142165,22.512154900439793,9.75809867428238
0.809833958817185,0.07810572244045,0.16563493601302332,22.75273837292836,10.332334370929976
0.82729756157262,0.06998137282236684,0.16889359714874366,22.75599908654984,12.857495995503525
0.8281387261171961,0.06904135809782747,0.17550325731528246,22.779923738500216,12.612761873694605
0.8159636004539602,0.0728748757415223,0.17571252121444111,22.96894005013421,9.914549703379752
0.8036865255745824,0.08342565533575465,0.19177085549111828,23.600303324015798,9.644661708296072
0.8213594162413421,0.07698159233847747,0.22889888170348513,24.403991523793483,16.56455223115821
0.7941295154391943,0.0737827223710907,0.277362359174341,26.314398722888505,7.098603361894308
0.7941697035971478,0.07481174488146035,0.29715596033317565,26.50192060874328,6.775683778586389
0.7994173419500797,0.0910858552871225,0.2998595830854578,25.48289042620331,8.877702457986576
0.8180327036695246,0.08183032307776893,0.24135998751331608,24.29610797225363,9.823969389524631
0.811095263037658,0.08482559288168294,0.28093942962318874,25.023484264914355,15.643259111206278
0.8166089225848832,0.08513589325683435,0.27924703436304793,25.049881223036092,16.172098869092455
0.7842607925072599,0.07874159805567126,0.19546686700499039,24.489907440032596,14.868048741358766
0.8134872922453088,0.06973582667188764,0.20678449347016573,24.543803412450586,9.18803112512057
0.8125134288816848,0.07440485653867125,0.19710714605248322,23.966508098920173,15.848197538400422
0.8117795451160033,0.07280640861145429,0.16121211105507902,22.706744183295367,15.836760358517775
0.8051825714167439,0.06431907600662976,0.1677406269310155,23.511736422984942,12.037380274095002
0.8082502330154772,0.06760089434593992,0.17397803606404683,23.499461133938556,12.691471320571953
0.8082502330154772,0.06760089434593992,0.17397803606404683,23.499461133938556,12.691471320571953
0.8039429624563934,0.08513064198522957,0.3448872489576448,26.241117857124692,13.532331455185265
0.8167707164129447,0.08136015046774206,0.22625588283041678,24.219244666128798,10.28287475229586
0.8167068195051792,0.08331574048441373,0.19587916501562777,23.45229785836738,9.176509699691442
0.8124919027886617,0.07554261777056413,0.22696222908410862,24.412659922538555,15.086377156227869
0.8073483348500409,0.07605520612438023,0.2195490983716263,24.46776042723741,14.35299773932338
0.798401471893164,0.07647890748160462,0.19713980830023506,24.18540945393448,16.69481864026707
0.8180126121460769,0.08382232930874144,0.27775431001486983,25.062244218159638,7.901112280312729
0.8144726951222706,0.09090924489328348,0.29264454778821253,25.10299968715514,8.103058935667429
0.8141850669109039,0.08912228395494756,0.27922341921658506,24.755457545971552,8.481137762372377
0.8187263416434867,0.08921349753859752,0.4191268188636458,26.363432823843656,10.109110644825886
0.8058127393536327,0.06070901022170202,0.19375116550835103,24.582904917451902,13.218827562269032
0.806647138774727,0.09070874630628714,0.29295812293702794,25.17445876247223,8.938330397822437
0.8128412406716117,0.08155674926512259,0.21857980305912536,24.015548168413694,11.053607903745093
0.8118637664897925,0.081996840954194,0.3192933598928768,26.12993372846471,13.300620175975281
0.7944771252981578,0.08724868051970293,0.33305029678226244,26.01480064066769,7.805710891049176
0.8082299184519591,0.08016146010610385,0.44482832582435416,26.728971633955823,7.2174404102252865
0.8216204099626981,0.08990385476607855,0.4860175794525603,26.997614821461063,7.515998284432409
0.8005408454078298,0.08598620299325745,0.21351200501545037,24.33940038981224,11.561670776419952
0.7998402289350005,0.08484970310022184,0.2275384641645354,24.594391974371607,11.509300511699184
0.8017040418601463,0.08820417750719864,0.23360184517230725,24.675791417457162,11.127859808812858
0.8140103113284264,0.08004987134887262,0.2630120536887059,24.941479732960605,15.25146598616005
0.7967211212725951,0.08198078352081584,0.3501567279513261,26.69310382585161,10.734905621355244
0.8065467995292934,0.08383870371815129,0.38608533329779654,26.714874808525302,10.32921445364419
0.7917647202647043,0.08351168232882852,0.25755245617532846,25.536046444017206,10.370463809203429
0.7860198566161307,0.0845657914799875,0.26582973377817004,25.76554762841154,16.463882091315902
0.7919013952014476,0.08839164801459211,0.2880119250150287,25.812161078845218,14.165640912150055
0.7964481232852076,0.08065472233928749,0.2572384437109225,25.35825353447486,12.359750229713626
0.8302297306211388,0.07497617567534696,0.17071738670056352,22.413665975377352,11.409491012903215
0.8024168299312641,0.09014693227476513,0.3638048854337158,26.166457818588967,14.018353852712101
0.7888581604182744,0.08189077705176606,0.27762995299905846,25.752208591838464,9.961470112580157
0.7910924271823188,0.08234810429271873,0.260733465273342,25.538935634926535,11.478945287696568
0.7924623670551043,0.09108891827656268,0.4119908600863438,26.946153705150447,11.723188748717902
0.7922038517734308,0.09119845250048156,0.41319204211581834,27.20909005394339,11.653660719781818
0.8064214541350553,0.08576646408615696,0.2782862090716313,25.784425987285367,7.300878096829987
0.8092469847762503,0.08446013308000988,0.25572485818957996,25.415908647607882,8.502710483708496
0.8102093456229231,0.08480822585572924,0.27221263006023283,25.148431947072794,8.850415730549518
0.8084249378936779,0.08965082466534095,0.22191886015269055,23.95900455134188,11.720066715236445
0.8118192858407755,0.06434779208816033,0.16790829567914553,23.301396627258963,11.498521545884818
0.821166938880276,0.08628920565647175,0.23366986569978312,23.98084227789453,17.117923275097
0.8192124997858986,0.08543582030538126,0.22506864795947462,24.030526883655625,17.43353521535066
0.7896526742632974,0.07674177998487214,0.31011210983067133,26.56168696849783,10.274912289079719
0.8318658724836904,0.07858153013828616,0.19234592401834893,22.91154731757413,14.96474294368279
0.8363977991305233,0.07699286551491359,0.20203506918577926,23.135143836868814,14.946755954395293
0.8278298860868711,0.07608107607534176,0.1879551564459359,23.072611561563818,14.690261716784093
0.8129757420040705,0.08829567510077879,0.21252680120517206,23.599029874131524,13.68434446873304
0.8098254632752876,0.08938868684966761,0.23306563246660403,24.27776533523154,12.445110752960229
0.8066071126027281,0.08372275519323602,0.2307726702207689,24.58929780728122,12.779022436062316
0.8044313608820243,0.08226700267991327,0.22689709675884742,24.756937211578045,12.506811158871061
0.8045297720725767,0.07832838438951492,0.21001259968742036,24.19798283567305,11.007296129144377
0.807993319394988,0.06673253802457817,0.160208448614437,22.542180714623733,8.603446784702673
0.8031563362501972,0.06655966016361123,0.15817288154099698,22.92064659187793,8.767980377882619
0.8165507140807098,0.09230671081005423,0.22995744463373657,23.686996344300564,12.989888802453217
0.8116429188050593,0.0844468718544075,0.2378458317621006,24.245927521646944,13.37086084347878
0.8050378120178392,0.08475132409188495,0.22486377368610572,24.406751342179106,15.611201248991081
0.805627430737754,0.08348821419100799,0.22944002620789267,24.648860143558245,16.48645074257648
0.8048888151704303,0.0858195856348775,0.23407648286666458,24.43474251256867,17.990736518599455
0.808095250576886,0.08434627170695466,0.21997666433539587,24.1785760128543,9.529775644697882
0.8195857333460221,0.072025994505736,0.20819972519335414,24.265847344252627,8.469389499263713
0.8201657296095299,0.08355742821439621,0.29293049757432865,25.143659007508184,8.261041290637845
0.8060069903773646,0.07877701079458102,0.39140082109677193,26.926324759414726,7.419773899634549
0.7914206512283127,0.08750361257270693,0.28067279751428065,25.754690370381525,9.158661207757243
0.8243141715219329,0.07658817396232015,0.17880009365496302,22.638542544482462,13.636052976269774
0.8466794551964855,0.07596695210566892,0.1825179993851263,22.124262847577036,10.68915379746748
0.8140819531690935,0.07949087850940262,0.21425821069295212,23.83876176055557,8.919616442786648
0.8133876222506096,0.06711245917777121,0.17572253647273037,23.41744790278633,14.198107990776913
0.8309076073597362,0.06826448019868313,0.16871986963509822,22.55238052965855,12.226845857577176
0.8260436576484056,0.06904292723016146,0.1698388885984945,22.781704356735133,11.844068358087933
0.8128945850086713,0.08680916928026516,0.20911750146028754,23.729884936157596,17.999869285266016
0.8079576978984333,0.07288422781009175,0.2168839565338357,24.495529279726473,9.672179458314453
0.8059733688518012,0.07404077049409825,0.21629503838652453,24.772846156857607,9.131543058753635
0.8019976177566561,0.08566088259738949,0.4247551145139309,27.271137514704236,13.47874964617635
0.8014336334578219,0.09341979587992884,0.5042166826574112,26.799026518613687,16.428715023786076
0.8012787297292073,0.09083211382331967,0.4862589866910017,27.364690453857083,17.969982254585663
0.8008292089309506,0.08754084839222644,0.43786720544661517,27.10375250167157,16.889688725984918
0.7905772615400574,0.0877011680135102,0.329674738351172,26.238807897765103,6.577582127244603
0.8088783682413874,0.08950831753467249,0.2656064760981775,24.896210834338323,17.343584663319234
0.8022095438561613,0.07459139302944695,0.1878558908381756,23.99308676645359,8.572895773854823
0.8140512631884568,0.0753879417422124,0.2205989173890082,24.242040101458276,9.358223610221767
0.813340950610326,0.08919533781792731,0.20078427314157365,23.140862634234622,10.847903455760878
0.8020691813327411,0.07045765338390453,0.22190694207247638,25.112079655793245,9.237709690368124
0.8024371105120961,0.07251320265468006,0.23971844130608277,25.244995174794926,8.779856138275779
0.8203183623623967,0.07619773549575351,0.2948578745371053,25.67237047569548,8.671922780070563
0.8139717439463452,0.07685482070038784,0.27360161497169017,25.382537358589552,7.86145078137615
0.8221507329892662,0.08657543065239791,0.3274013104372402,25.534327526318023,7.435554838028205
0.8165769802891755,0.07227208090126504,0.13650881366661297,21.445414218163094,8.964789115059409
0.8155489847265903,0.08000915438616947,0.14319434942616474,21.22091025526946,8.090350280785309
0.8074398730903831,0.07515818915584135,0.2776316034502685,25.839862219017718,9.668163471881197
0.8032751593110531,0.07629682426831562,0.2759719655490217,25.705227276476553,9.508305521926808
0.8139697083169308,0.09126019033803069,0.19756449533505124,22.8490880924732,12.404908158357959
0.8208445174353186,0.08431896446661676,0.19343604087199248,23.119083809554603,11.482791490076075
0.79778626297117,0.0772392029501661,0.19758182506582322,24.65552318703577,10.45825315218937
0.8138507119409457,0.07690695154090602,0.2293393110799297,24.42299662454376,12.439724565218942
0.8281961829074385,0.08959100221291671,0.2535084013398292,23.806717554436567,11.019750529696344
0.7993305660988953,0.07839003442985665,0.2368565325797212,25.13660073818238,12.384994056297872
0.8065700262839981,0.08947332770669177,0.27470110542066145,24.947863183405907,11.70685264658843
0.818362838763337,0.0814186565264243,0.20089733187108913,23.38204269670298,10.624986490857404
0.8081640136777428,0.08838284177369338,0.3163754389665664,25.339647238767558,11.54231860081741
0.8039990593058539,0.08016845355110092,0.22087904452634258,24.279886854455697,9.580341656314332
0.8062284911677744,0.07551015380166268,0.1828314224495034,23.356687202779153,7.933755549745561
0.8207574311252528,0.07107135992304711,0.16276629595598618,22.525734693655238,14.912722920965019
0.8073210051507329,0.07904595066819851,0.20497975409868463,23.8729536508216,15.693881636788806
0.7978174116834842,0.08655609416789642,0.26519820755854084,25.331039170060095,12.9565297194405
0.8126984985292544,0.07557573814939406,0.2279041058324434,24.668710528435128,16.86074488703897
0.8051050123791114,0.07541743216902307,0.16770355320280703,22.936612256725116,16.53714609974933
0.8021818921815831,0.0757278546417562,0.16739678356468432,23.08126924341905,16.355934425617747
0.8056830221483537,0.09394951109978014,0.5612689150136263,27.13216933330367,9.062740764335619
0.7803851009479144,0.08285751759870975,0.3382618019104633,26.986197669613205,11.75645230905369
0.7724624624792354,0.08532578102186139,0.3835059707862299,27.456794074872917,13.884691606753481
0.7803164925512682,0.08284014972108167,0.39230886435913753,27.335139822827056,14.148614719086977
0.8038229986230828,0.09237662768280298,0.24913897350057704,24.83232594372343,10.850431712485664
0.7934479230454301,0.08094146701186318,0.523820130094853,27.859916038538284,9.070352235140607
0.779607199190313,0.08644535122051378,0.6368466836602624,28.879862335796776,7.889081256682071
0.8203874202603066,0.09465120041617235,0.8043930134307743,27.692051058816503,11.108087760664285
0.8014857727333603,0.08555657981874257,0.7344559611896209,28.202279009925803,11.21570730602323
0.7812344096999918,0.09276661159783318,0.4679634026411502,27.406318163980085,10.753225877079451
0.7935184722858636,0.08272144405005924,0.3865318695083359,27.07480923159977,17.080660999504836
0.793940017452103,0.08328849099297164,0.3842681536787996,26.85798070242117,17.153216218975956
0.7922902567695078,0.09261859075346461,0.44629182432733494,27.059541198028388,7.672698918481065
0.7990687396344334,0.08108543975680989,0.27535396434437753,25.67623942594664,16.96973459888428
0.8155814460483931,0.08358932124166851,0.202937877137014,23.478373722307193,15.419375198824449
0.8178344149337943,0.08104947505276322,0.2063104675552584,23.610336966069372,15.070504254095214
0.819957495329605,0.07400062119427925,0.16410771179311948,22.40323020912436,14.988249632475673
0.8058766820982021,0.07061992639987207,0.16783120122642564,23.173924672069177,11.074598058722984
0.8095521044209059,0.06784950262706618,0.17979943943593724,23.795223005305534,10.638256911581896
0.8083779494427874,0.09163381473430418,0.23653367940354678,24.136527426075176,12.699371873777519
0.8090356993670001,0.09000731115832866,0.252076651225867,24.633078914984726,12.57512179135427
0.7989561157698704,0.07340937826700855,0.18601446950074355,23.798313116559612,15.614491809145907
0.8104836038459503,0.07058759984731948,0.1706970600741199,23.10234965403243,15.703507369043846
0.8183159141177094,0.05395944274531207,0.12131441277900575,20.94262745388656,12.246215285609722
0.8317565942056904,0.05357529303484089,0.13651235956709332,21.785733682730985,11.071660989156236
0.8312841187896836,0.05356999205358036,0.1376391302810054,21.70713875185893,11.18314672624735
0.818596423127666,0.07351284437966363,0.19159696267659893,23.579856971710004,10.85710287959828
0.7977225294478937,0.08073203389958682,0.2536966755305119,25.35830434926614,9.856366161189376
0.8163004867265184,0.0811379585730725,0.24267522928883792,24.537692556100186,10.896560234951822
0.8201607384702162,0.07909646610781804,0.24506884507350732,24.667809434520926,11.032980281291051
0.8102967040921046,0.08733320997047782,0.18378312001284638,22.928349445470246,9.170261400965282
0.8134488441892059,0.08319703915097812,0.18736172095341236,22.819093419554598,10.592342408481338
0.8166628612235691,0.08175040970243487,0.20897699758857793,23.703027681324688,10.256134957375806
0.8254377271703633,0.06354446754783044,0.1442401420208884,21.868688541020408,14.763201740726814
0.8059591970051718,0.08506624936029993,0.22921026518644538,24.38315393751037,11.308128006319873
0.8037191924883254,0.08175116299794227,0.20469195042070767,24.077278311666298,10.492456204710841
0.8060513377410684,0.08335383432357127,0.3252581036260141,26.123926692876925,11.50738147282924
0.7980616669082773,0.08088424744200852,0.20839310792863064,24.173817209788396,15.508863706776449
0.8057847115520238,0.07719024656027687,0.1955214838288161,23.90645452483064,15.94906594361504
0.8161862626956512,0.06481196105258549,0.1449188497825603,22.202437716168827,11.015186614095779
0.8175953151867786,0.07201528495765111,0.18888304764412892,23.443485258052597,19.957322624170857
0.8173728675165136,0.07251364434511902,0.18083404502400324,23.248456736466476,18.85260346695888
0.8089441573040242,0.08586773065436223,0.21360654865526318,24.07761468213356,13.46061589126862
0.8052906102948547,0.07375827844240623,0.20274879958104217,24.24588609466816,16.943097071711712
0.8152059991825986,0.074849290686237,0.17685493852315418,23.005911352348434,17.644339155738653
0.8098066064226777,0.0750998405137404,0.1863590016579277,23.456485191850604,16.4736310022461
0.8103626992967798,0.07528795478638631,0.18438500376074377,23.565390106748566,17.11414133237993
0.8102744187092977,0.07441334159887235,0.20364904614703067,24.16777010748606,18.0283665903533
0.827413054187901,0.06551399317890604,0.164247844732836,22.584339785886595,13.009705095962122
0.805099315990642,0.0816052079075657,0.18904628400374662,23.425381165413317,13.45433573377901
0.8130276104264444,0.08256604000896535,0.20487743914427298,23.548181840433944,15.097469540677565
0.8170115975133878,0.08139529510580226,0.20087174974477007,23.38787805824918,15.698256135398228
0.8214213912943584,0.08597702892877147,0.21595204729108805,23.567872063693603,15.460381548201802
0.7965654729278906,0.07906076770407004,0.22881732200392188,24.976379553416695,13.150908761681722
0.7960893077289808,0.07637710568098911,0.2643285253384513,26.027641984981997,11.696016185832741
0.8131740917901128,0.09593125508819902,0.24237570978317755,23.972073181766934,15.97280221880096
0.7791714756235457,0.07976477334811859,0.37739521341586335,27.417877763105025,9.32004869139777
0.8207244874269409,0.08804966969054216,0.2256123300794493,23.81433689236964,17.839473158308202
0.8064766065063816,0.07247785727137535,0.20631031579205536,24.400774610128956,9.59446468516306
0.8045712365002996,0.0723957624445444,0.17336550003019563,23.416712415258537,8.560876445853019
0.8041592329009137,0.09008361753358579,0.32959264772122104,25.500945476609278,14.102107837417046
0.8026499952272914,0.08460990122290629,0.32882512903211436,26.504970977321737,10.825385042717258
0.8156559125402982,0.08127928777656764,0.2469732476467302,25.03681689751288,10.001690865255782
0.8050088568277695,0.07915077801143493,0.25910396162951355,25.133331225303188,10.022424706930028
0.8013027349804173,0.08442105506533698,0.213432237502889,23.989805329207858,16.18082210843518
0.8028431791287798,0.07970111706628359,0.2125951404432714,24.207805660124112,18.415039916336827
0.8014111201236852,0.08311995495615375,0.20146609807641827,23.936369730669135,21.739413366267023
0.8015011195779,0.08325266131570441,0.19285026231601013,23.594638272415402,22.604984805321905
0.8172317143846248,0.0606404156291772,0.16111818997302862,22.855708858326928,12.523403169372575
0.7983970253766798,0.06287945163072733,0.14504222098531797,22.90050811899708,8.647730378167207
0.804128192952237,0.05392471929715156,0.1550252535049425,23.330976402931892,14.940008609493947
0.8380324018196126,0.06752171086269312,0.13703069487086708,20.685223446918663,5.515060462509236
0.8091577604030317,0.06407087802697359,0.15793818568284657,22.97645033159015,17.63309757534369
0.8137368045795915,0.07594680799850316,0.253795971828773,24.97372796200901,11.507681457056421
0.8159672880058844,0.08492395886874313,0.257096268140308,24.642532461059478,9.303032362748525
0.817913720609504,0.08485182079971103,0.2549326822745896,24.609882518795384,9.314495510998528
0.8042871591247648,0.09134311897389638,0.338969872836392,25.936152802385962,10.27058036851796
0.8032402807816869,0.07954522188629565,0.199930208678744,23.821877632579348,15.420494761839846
0.8117233361592758,0.08380063748382353,0.19721195853233478,23.26453618445382,14.887391741441839
0.7962941691224469,0.0757498249111751,0.2322877352963895,25.22053967727583,15.932131658503547
0.8118369402662661,0.07423403847853098,0.17135060514876765,22.884923645198914,8.901493745849145
0.818616336729145,0.09392995436262373,0.2944632472347642,24.763484952590616,10.101103925688333
0.8105462808480622,0.08671221568294671,0.295688076945387,25.297426889896133,9.177284306797741
0.8092326909915252,0.08638282211704487,0.28025126029692554,25.46223062091957,9.525233024203791
0.8069631224733668,0.0822396651283911,0.2602707445853164,25.262346448725836,10.36016033407305
0.7962189326067868,0.08153915313284,0.29750175607122614,26.169187701797398,9.691499039895447
0.7956284506368445,0.0788205984091679,0.22499059679564137,25.061395973363304,8.655511217007362
0.8153535512860957,0.09586391330466773,0.36221619166140306,25.765056936148145,6.642462385069262
0.8172242289193793,0.07738160018331586,0.26185603772528104,25.136860601351795,9.213677509362018
0.802899867109088,0.0926814999770339,0.23275574293294005,24.152838384882827,13.595614414310829
0.8218018008896848,0.07277878268722081,0.19332814138398516,23.524570679304052,15.901819376794723
0.8011089195098212,0.07629344473713152,0.18175841009419635,23.660655844695633,16.789956439177118
0.8052632106518918,0.08441989934922076,0.25800770927075173,25.07381252447623,19.60873623582282
0.8052413386371612,0.08219687822998284,0.2357351862340232,24.53847140037649,11.355114533679362
0.8125717140653907,0.07474601527656234,0.18523967449173598,23.379978263662725,16.624335482202746
0.8033809707975171,0.08438496691683388,0.2651300352620494,25.19616250652301,11.876895806397451
0.7849884227550612,0.08498479826590498,0.32949334954601556,26.65918769291101,12.010195564439995
0.8131133906338301,0.08783937800005914,0.2565735793997507,24.550239650633223,10.805667549112952
0.8348121337591669,0.07328832000473255,0.14778687417511016,21.369016722190974,7.123750003993619
0.826248115281306,0.08342415913664067,0.2168580599688086,23.679895029034856,10.70930592269194
0.8261339000138505,0.08055464867670067,0.16981628536499316,22.338162609159962,13.732543589380786
0.7804052951423736,0.08834087608219277,0.42940098773189117,27.590253940368008,12.456882479817418
0.8207482585712619,0.07656767572104799,0.15791772849373947,22.140831773464686,11.841543688448006
0.8143233467900334,0.06791579793535592,0.17642303455289893,23.46501285122004,9.97248178794825
0.8114150058223873,0.0646527648049619,0.15561667673459986,22.52358249700121,10.340748661958237
0.8139624263941704,0.06404429403568879,0.14495904318964956,22.369821917594667,10.37266137429825
0.8119622678953671,0.06202444103722611,0.16658362613287253,23.266533051418484,10.747273498203352
0.8181524189174644,0.0844414591380073,0.21479298764654706,23.750704979802578,15.34613099913454
0.8217878376303526,0.07895493628764957,0.18894648750282636,23.159705670779672,16.26561331549346
0.8217141179906754,0.07583352492483827,0.22263909837116816,24.169478661976296,17.830148559475738
0.8037938117709966,0.08333133807220394,0.2287862885482122,24.31582689404214,11.873892695091822
0.7975664534243517,0.08813827190427258,0.24216632063205001,24.861755673230554,14.546683287973586
0.8022954494223271,0.08447769620820647,0.23786129558803037,24.861349115605883,14.053114429700353
0.7973786346353425,0.08222882369878412,0.2654886579095425,25.621689181245006,12.013003356947166
0.7975515584233155,0.08510385091915118,0.22991357841630478,24.70190870057272,10.733800583733592
0.7963800624922467,0.08503126068849834,0.22915697372923202,24.515572471479338,10.46350863831759
0.8237845261534422,0.07236800344778134,0.20836769989396964,23.775264067839498,9.542887432292424
0.8048068705088609,0.0802130106327604,0.20295582701174011,23.931749317844808,10.543611480409185
0.7998363864880306,0.079295390860793,0.2718322788781044,25.631748144791757,8.773581115836752
0.8195440247824464,0.0755947429493762,0.19318365792605227,23.3646199788671,19.128916943090736
0.813865255743566,0.07312857257991451,0.1903015954831098,23.53951505808506,16.049646435259653
0.7971895689991936,0.08458051641989812,0.44319378000811743,27.434980689594607,9.698355906432267
0.7982519540793092,0.08915577066282937,0.4314494294764436,27.061763457496994,9.266163900877103
0.8105851710480274,0.07628154389315205,0.16867981475833982,22.446118637626682,13.321216533384593
0.8141296027278399,0.08693897721703904,0.24764093119765448,24.440587172471986,11.487546157055593
0.8049357157361623,0.08556384366327824,0.2565037725653472,25.007301685250788,12.628808438267992
0.8058531503394635,0.08605391787887942,0.23212337666521063,24.394366497749022,15.490889093592548
0.7974944861719602,0.07345714982493681,0.16700085205457715,23.25383081367713,9.192654060313934
0.8035338030407927,0.09864011723754218,0.3390413722121982,25.45784094236242,13.083602390221616
0.8301298996245993,0.05098763613190347,0.12691478725695018,21.317360030207656,9.76876309006096
0.8155328576034362,0.08015930140325331,0.18594930344788155,23.1064562738567,13.478648887201956
0.8206711452207287,0.08020896620459478,0.20046218405533045,23.406784833467377,13.837614805916054
0.7959738633531939,0.07846016329573476,0.2334311579946712,25.057858739601887,15.012635246386623
0.8072613597893554,0.07530131202066283,0.25099184305519656,25.44136434242059,12.581988008990193
0.8120358242683616,0.07579422164728722,0.1650207400607773,22.65476443914022,11.968598442760692
0.805875684773264,0.08538619856809941,0.30539400203527456,25.53621976830789,11.553277320428561
0.7934954790624112,0.0834657389036283,0.2096753450078424,24.385152432039614,13.159658346188188
0.821392605003554,0.07886453184283712,0.17276712780411485,22.488812467239768,13.768906858558216
0.8168092427867423,0.08100491301928803,0.17786150740437912,22.83734304492674,14.250999068566239
0.8088806559793383,0.0775554284459484,0.19960161020799305,23.904578920088046,18.68806516442802
0.8118685268381016,0.08393766602119183,0.2338011524783341,24.172519723281415,17.512103953034497
0.8028472415971146,0.08403998390061795,0.2532365741740695,25.01235057925363,17.705919279875225
0.8138151156350081,0.07843333043018681,0.18995244030614875,23.45660445086093,9.91226556004571
0.8156994809694124,0.08304349020402163,0.20085751149750827,23.36882027742996,8.414123396912922
0.8047890156725701,0.07921558579975892,0.21200615544081164,24.14878919311676,14.013376725921411
0.8058913199166535,0.07117792168260242,0.17047365126704855,23.419909437768926,14.662946860382402
0.8230144421544562,0.08509829367402139,0.2192556854807708,23.507721334384968,13.99335498273672
0.7911509958638157,0.08345577389309743,0.2639125325513991,25.87805324474711,10.145670553347752
0.7944799669716471,0.07920081845094548,0.27521060870585196,25.577202130367063,8.590389236298387
0.8041338777811965,0.07159065665058072,0.16851958348101573,23.29007823548339,12.970458016476542
0.8056459792185737,0.08354096890339964,0.24669671201905263,24.762508324274066,11.947679430115274
0.8148176325952269,0.08328505520841938,0.21164189558153595,23.81762671815646,8.258729845798698
0.8126231573871159,0.08375699306637177,0.2160955909355158,23.874137285389523,12.020383725287747
0.7990040071056621,0.08277299229374699,0.30480154368958845,26.04756749813785,11.67605623315815
0.8013055758272952,0.07617115195130751,0.17772057989522044,23.435099309401846,16.60828918179086
0.8057751432099515,0.07081239183964601,0.17250264180503214,23.470726700477414,14.929773090505977
0.8370711839645631,0.09150380298180973,0.23586377567131564,23.437797257139923,12.607174948087307
0.8171748137996702,0.07562276716602938,0.17195526008835113,22.870723985315966,12.959688402118797
0.7993480216437603,0.0874945647648681,0.28187427230289613,25.373296952051557,10.312990435157586
0.8102808532683143,0.07713274095959168,0.2099673501338271,24.317692138439465,13.736098834612063
0.8096601182812163,0.07833760312261845,0.2140025860617836,24.36193810416898,15.047704747181637
0.8194978485280665,0.07713734229234241,0.17260735854866852,22.443355943612175,12.686258099945041
0.8169485154250093,0.08366753826643598,0.19865858121523025,23.117119600000684,10.507719864186605
0.8184243660448749,0.0853400154191905,0.19621399540671922,23.2909768114724,10.75966001231773
0.8110570891976113,0.07751046783181036,0.19829044735486345,23.631996812294492,11.722952899390823
0.8104473870555061,0.0789020765498766,0.18945068862284195,23.139095300559973,12.211738368348735
0.8141243572448739,0.07222125163141632,0.1930332209502705,24.022904426966623,12.643391302512383
0.8100669012742773,0.07409030260294804,0.22920068174473981,24.55652039490331,11.648963111168875
0.7923394242132357,0.07875598313417427,0.25374119161085557,25.491739941270993,11.25642491965133
0.8062915358410484,0.07698060588129864,0.26700342770859553,25.416344797643955,15.231930999013228
0.8110340042016447,0.08088073493804093,0.2737269542333986,25.14047084992818,14.775643486814074
0.800000655523671,0.07900807992198712,0.24405362765029368,25.079653589347682,10.950825552705004
0.7989248520041806,0.08077527577727842,0.20374542767368117,24.012441968794107,15.294531981502468
0.8010363243492005,0.0717347826227761,0.22472760794736588,24.995781557390853,12.843331468153622
0.8089873949073333,0.07096650999696384,0.152662604045535,22.289899542273304,13.101329526128639
0.8103288577052901,0.07218949469075463,0.15300602147361161,22.27994526893757,12.48149675245683
0.8104627882873366,0.07255490589918456,0.15955247567728992,22.58258655256347,12.426347975850941
0.8098052818569315,0.07343554949613533,0.1664595922355713,22.862854246957678,12.273108727426953
0.8026183698440679,0.08852107362002659,0.2307986613964579,24.37152699280853,14.838424438755792
0.8087571341614436,0.08808832896732136,0.2639939412192241,24.832174030740564,15.448813242763693
0.8213336756342786,0.08546974795634657,0.25297513841518293,24.456927739659953,15.953556916682949
0.8039673685193052,0.08268366910359509,0.2016250380332932,23.88203547931767,12.957708637949967
0.7950482912558084,0.08773782674776201,0.2547090142759612,25.117988329850117,13.32629874101117
0.8048629669953938,0.08560091185086155,0.23647125286119317,24.57570570846878,11.909617633008509
0.793435369063847,0.08091819829694752,0.29339469367657833,26.107342688523584,14.091233167634268
0.7942706207907064,0.08642111287406075,0.32841434297340427,26.2303752267267,16.957646123372122
0.7998070103395358,0.0795161389765168,0.20601360919843906,24.312548912880438,13.577356167208592
0.79632426601831,0.08387227396304688,0.20712377664290965,24.115079844738737,13.53975066736104
0.7947860205704661,0.08423242457342645,0.23710120330296564,24.88631017603859,13.07804815822992
0.8194242754233799,0.07530026141178259,0.1678350930317977,22.501561707135448,14.732766621175859
0.7979554313452435,0.08915386646869487,0.3018003384161445,25.67150449270729,8.115628590743565
0.7841791786646405,0.08720112963746214,0.32601619635397305,26.45405276146281,8.673522202937681
0.790256852874932,0.0901664914349644,0.3267213951046259,26.370261279896454,9.291914071883603
0.8247974639843131,0.06875690578565809,0.14455022152892325,21.835415178781744,15.452829018121188
0.818411833942548,0.07178774096928693,0.186404949591967,23.297670737409266,13.005431564922084
0.821744244776435,0.08485578171717743,0.19732427955828163,23.116804093869625,10.593615402629238
0.8074758725599355,0.07488780546291234,0.18052818945370291,23.46516645363449,12.741340276231602
0.8139520754678046,0.06848222744003543,0.163582009763286,22.991617837525826,13.222813180785808
0.8179471799601272,0.08402363627442842,0.20531622237346828,23.419110341085986,13.783691460999542
0.8112676848228233,0.08693024762124954,0.1747326694853158,22.52375747346536,12.890944492620479
0.81729205149834,0.08486450366212314,0.19264308531695626,23.098337009391297,12.597525092266764
0.8228577901491254,0.0812169409759933,0.20043363934014916,23.376448026979336,14.309127801122562
0.8201234564147051,0.08335753513466755,0.23286644233395884,24.031554424223206,16.402499236878416
0.8228953749528117,0.08563026252368433,0.20271581381852102,23.281087440881375,12.996276078205282
0.8245826763503844,0.08577387381954503,0.25397364698125785,24.45934078166644,9.066715419731624
0.82521278420189,0.08463463594111961,0.26742559948428474,24.259637696874922,9.139293462983069
0.819116229217729,0.09340570952059643,0.2735627621247452,24.22558698058195,9.73701611709781
0.7791614530109354,0.07925369272657802,0.5591549625229867,28.38720477717944,9.486367902374777
0.8276914186889187,0.07985310771699179,0.25912230536915276,24.541046226887254,10.604429206539159
0.817681134088064,0.08848212652013185,0.1833237419527741,22.760832545195218,12.520661047796075
0.8098812318851457,0.08260614240546008,0.22697314507031585,24.42280109981495,11.012774227408814
0.7961382574120816,0.08469632308864393,0.2945917013546653,26.02299323776388,11.867945734385598
0.8254647982565952,0.07031302702863772,0.17558098673218467,22.695993716499498,15.638752357597333
0.8276084167215191,0.07634733376561914,0.15936853517348912,21.77408673266364,10.669606096243573
0.7848566407811263,0.08706028348502075,0.4912480823785379,27.846188371156913,12.583844099975135
0.7985909323576914,0.08137120158980647,0.2761305151206491,25.598257627527136,12.199197920117607
0.8005526063797745,0.08299669800764332,0.2005949561023809,23.743586820374592,11.435387349512062
0.8154547584667104,0.06750662362631488,0.17836262345679862,23.723318939068523,10.117510578860372
0.8170466626444575,0.07497573204984617,0.16262467563891836,22.264120298196694,7.848286140792714
0.8173630459707414,0.06972802405730914,0.20394989262461138,24.24161832405401,8.111321123588107
0.807460054904159,0.08265652212160206,0.22193278045581347,24.438202242452288,16.130236366654902
0.7921734118594176,0.08846686283314659,0.27620030311400895,25.58997521781415,11.656580387817796
0.7902346061206164,0.09105075841949403,0.26590979195258996,25.314789029720384,10.901923921998133
0.8256265019977153,0.08018172533350976,0.19553052208855295,23.154683963147548,10.213492855343075
0.8141031520883021,0.07037452288473693,0.15002773190435553,21.9300619365006,8.7148382980457
0.7934202241175791,0.06231334175773335,0.20932013871003252,25.29988699749133,7.934621184285557
0.7994736021382544,0.059342640990226604,0.14441946783579973,22.827998263254024,8.619602381969042
0.8149709249316714,0.04843279859945806,0.12684404663840257,22.038228938188524,8.288414384646815
0.8281365899330001,0.06457810973665279,0.1463390308863191,21.7080011919254,14.56035774236321
0.8229516518530363,0.07498699922627701,0.1764857526999385,22.894699628442158,14.235097942491498
0.8020555408324798,0.07198805895607069,0.20293988473139812,24.26830010402576,13.012888635804625
0.8054072571666986,0.07431218713578254,0.22058096610716119,24.606141790428467,14.101500295665168
0.79934261641234,0.06912902803499932,0.16142926387185266,23.051816532817966,10.728572482238079
0.7942694021007645,0.06903149454374621,0.16492398794095206,23.4987054719117,10.761670997026675
0.8062020112903353,0.06547980155531444,0.20712501517631282,24.940441082745984,13.568574129714206
0.8002286157435518,0.06765436320868147,0.1809863042489839,24.180188419476316,10.954486430319754
0.7917974421653237,0.06712281409409052,0.18796464285664993,24.414431734451213,11.318411547319762
0.8019102696723385,0.0728389462339023,0.18876479402850713,24.122326982906543,11.23699242395613
0.811387013125004,0.07130181221179087,0.18324162382550344,23.477667926492483,12.100287276079786
0.8134456818295092,0.07031206675082287,0.1563516202019677,22.650289081324086,8.826486433106101
0.8161444454778454,0.07047437486998939,0.17559567394032052,23.4462124433581,14.569840686169542
0.8131799846919673,0.07025415999208458,0.16566545036408942,23.05529704388648,15.543276841464277
0.8146967230163881,0.07998281188354057,0.19627610625065214,23.296447571898867,11.449526121369853
0.8284661770380686,0.08357295217223158,0.20927376539848055,23.11869223857002,10.555478512105479
0.8299526913063874,0.08355503318605165,0.2035571097121947,23.18036798478139,10.716831326790295
0.8048924340576384,0.080191632006662,0.24161278146700899,24.995592068389072,7.950188279010353
0.8049349006117126,0.09206772524999608,0.4000541873349261,26.369037554838084,10.077659637364022
0.8124430081862963,0.08814402719042473,0.3244043500589,25.647865764699088,10.314405102054014
0.803352414626,0.08479459515375794,0.20494946652270996,23.838828801503457,10.638797555071442
0.8021731178257622,0.07903247802727582,0.20819316837604984,24.351957070021815,12.506646808415587
0.8030599007936372,0.08602257908810182,0.2408746125213969,24.65870834974291,14.777600220561089
0.8078312694358171,0.07953994486705099,0.31849865463258303,26.0478237634902,8.666327589309827
0.8195359584105518,0.0815508640917816,0.2312576254450173,24.200431678730812,7.106099319298443
0.8105354647001669,0.08297380987490716,0.24798460014279167,24.776094356188732,8.999562502197527
0.7964472455167831,0.07700446407806853,0.19537368449765757,24.00122002139248,12.386602307794268
0.7857427920768684,0.08621732106114478,0.2314233961914756,25.09836054637312,11.554027141303358
0.8315595279279979,0.0768117754309185,0.19006021405634063,23.076243071770076,14.242288384818055
0.7985581313554077,0.07679252873694233,0.31566600398985634,26.663616753189768,13.257208093044405
0.7942325700434923,0.07760426525637905,0.3151521206715278,26.497988693202995,13.66775654130203
0.7969940373641577,0.08245620116112276,0.21275124362881728,24.518443369567667,11.249009441351344
0.7963604287693574,0.0856026533498448,0.294908808985842,25.617191804909087,9.073063131809253
0.8109846049864902,0.07463365418076456,0.16608768990388195,22.734601775882652,17.646514423994873
0.8061285331291184,0.08604549875306937,0.22397086624631357,24.03928512634028,8.436062476313861
0.8056604597810769,0.08733964555732077,0.22190054547620428,24.18378429196238,8.271926196045296
0.8175154679362077,0.07799182096673314,0.17328210848756273,22.655138540439403,20.170991498121104
0.7971913262950258,0.0819796630114694,0.2790842436234601,25.684221062814316,13.197532332454928
0.8182005564301682,0.07784804542386506,0.20510578501845578,23.59709874459008,14.193499353276865
0.8101222975527247,0.08727233223285068,0.2193045181032588,23.657664764217913,10.692336282034546
0.7999113746415676,0.08151161169068341,0.32527303854125794,26.249504526723054,9.031290511889022
0.7959802715692595,0.08423125687693336,0.3116600586752273,26.27135654242208,10.241756357588953
0.8154271516983942,0.08062254810065855,0.2214982150266859,24.300886789698584,12.928677045364099
0.809778868217892,0.08953538408045789,0.33896118316153173,25.8228626264357,12.42365463136429
0.7893458726696577,0.08079461941584289,0.22989979248985162,25.070186930142867,18.40749796122572
0.7895479038259908,0.07880370407650458,0.2381674679065046,25.257235217643277,17.913817744095873
0.8252410224324694,0.08559582970324707,0.20973361496680312,23.311546285723324,8.536565123953679
0.8032143559694589,0.05685380471348789,0.1485966083997745,23.017664759272865,12.447448518822608
0.8189899204632225,0.06674715344710377,0.15188471727664432,22.24365037279334,8.989916091530146
0.8154029938006505,0.0672465119863879,0.16495369223912357,22.95058723388008,8.507112412210475
0.8098329462441118,0.06741126307964534,0.15518506973335555,22.675443446779372,7.4593374120951
0.8019203339185282,0.06908955702785143,0.19214565555221538,24.19370650471785,8.419138470971228
0.7933400157391611,0.07018716831549794,0.1966336609005807,24.534316791063038,10.241543896143837
0.8060500751228105,0.07160779585177758,0.1814941444387621,23.790955181741325,12.354326197816098
0.8072585251946861,0.07607913754912313,0.20556391168515536,23.97825507194693,13.291658751307734
0.8309684375120687,0.07438927845881528,0.16350231447569935,22.05757819167801,11.663375231339627
0.8208485234527902,0.08161124218365517,0.20344081178580664,23.39956776914765,11.462396092577306
0.822753522636997,0.07929231351142275,0.19056585294234668,22.983533205469264,10.970976058461101
0.8269892880849973,0.07781356371258637,0.1561776352728933,21.880128699436707,10.758788488444257
0.8264053501859517,0.07552305431016543,0.15904737283990436,22.127647952934936,10.749983279291431
0.8059003438588904,0.07517935326876839,0.26795185293175344,25.483312895070853,11.050475345622624
0.8060590537943486,0.07488087789189816,0.24696334115743,25.16470352726698,10.782936126224675
0.8087172932413839,0.07760334083000173,0.23973318180212,24.871044498773873,11.356719229012958
0.810672173474016,0.08737819124370025,0.18742860282916501,23.091048365776917,12.388847049582987
0.8325194186188223,0.064574660017598,0.16347082157135212,22.373258188424305,13.859713350448553
0.7856877907895564,0.08118462600290788,0.2569111744018697,25.723760593758815,12.45750933810467
0.8072647298480499,0.0900895421068544,0.3407944537802046,25.822584548562816,7.858805511969344
0.8088227493937978,0.07426371307246456,0.20387529456186781,24.168748224091942,16.51653527923815
0.7999309304716771,0.09095757645616143,0.2924566200157862,25.135372132003354,8.795305273013572
0.8068510809121754,0.08115069579791138,0.18891678114305677,23.77146774876549,8.97327366997299
0.8220084414614768,0.07725879077200193,0.18612713162653788,23.214831283284525,7.662844266015259
0.8246595623856169,0.07634279568579289,0.2073186814574002,23.74517786386864,7.178799212185846
0.8185127647851531,0.08508515440355395,0.2620359103119321,24.655504307071823,7.246027234955888
0.7885351132454592,0.08427486742230536,0.3058887333262642,26.311244770108466,17.420888075278278
0.8201499763760155,0.07395307604079172,0.15665407978702062,21.99219103256766,17.174533564271094
0.8126574098384406,0.06846834740146832,0.1857211794307071,23.776727359481114,8.804491621419462
0.8134848267907168,0.08055503874747179,0.19109861781671483,23.3377499356611,18.641981906595362
0.8254031173725495,0.07051591238086902,0.16158031687737132,22.34096950246588,12.232956627127463
0.8346000996852141,0.07763072636340583,0.17683660637175452,22.33718538462017,7.764619568217959
0.828761835486987,0.07506599368663436,0.18011517468838786,22.530650745530142,7.125442434858683
0.7983679865119072,0.08644272428167522,0.2590358736581654,25.25924313367271,11.277410302565128
0.806704633739012,0.08061186600123454,0.23174528105568096,24.719894539618817,21.24207992104918
0.8028784983714669,0.07030523022410984,0.22842668984628944,25.107547329139674,17.57336232167691
0.7997639044252909,0.07401111682846451,0.1881786650543879,24.090760220376588,15.765909836773327
0.8063742437386082,0.07622118364247225,0.2207723552259479,24.328205050391013,17.28545141901896
0.8043237492079053,0.08303619939530342,0.20561451977439849,23.968353141470377,16.93347289325288
0.8060154781143416,0.08286149819797714,0.2274889771240029,24.487577124438737,15.865453142285531
0.8049614556574504,0.08324452009480768,0.23310250863423645,24.702596889612824,15.758111062627826
0.8034687300912987,0.08427896670397649,0.25325256993824863,24.871343542407473,10.423287804253802
0.7945539836720359,0.08587507217136939,0.27695728733358616,25.70037294691285,12.566674675391415
0.8267806506434516,0.07543131383069389,0.1682718456619301,22.19261590698574,14.211985676990583
0.8274518754652573,0.07176113606210295,0.16509971134383056,22.42747944213889,15.39378287633906
0.7977559972857917,0.07243563672338878,0.20976338436281275,24.75799772864509,12.324964134373213
0.7967039217130988,0.08356154996022523,0.238097820938147,24.825674738872742,13.868816080558004
0.8115137583211713,0.08144254830729637,0.202755757588868,23.635192873093594,11.291660769466361
0.8076348794147917,0.08069579731488333,0.20895993092568446,23.884605413089442,10.93017833199443
0.8137803283070578,0.08049833545227277,0.20945685356060512,23.97620308294557,15.841914711821731
0.802871658860801,0.08618501201238887,0.24959843417752994,24.812480391781893,21.66811461205845
0.7933838690089948,0.07822687859799453,0.22342282747236505,24.708473656992222,17.90838021675753
0.7959637628525271,0.09481925056780666,0.5064157114668655,27.459194386533476,13.718246523521437
0.7955895097451898,0.09614646732288994,0.5675479488398284,27.05115941044862,14.475861011959246
0.7920194061271866,0.07486497425781616,0.253398394130715,26.13941017149383,8.813115829664127
0.8155935145064053,0.07691413570584374,0.16864508959847527,22.647989317688705,10.210332726499939
0.8072669520496002,0.077340228805956,0.220956650172738,24.406130851300414,10.227729815360789
0.8119602739600686,0.07151806843399082,0.16751089171271247,23.00546517647327,10.846172203391266
0.8198026023357032,0.06956366899220512,0.16637536527763813,22.966245655914992,8.4329029985422
0.8139348423735654,0.06680472801826773,0.16818835616799233,23.01391146439858,9.642196751679014
0.8137952504606796,0.07932234265142792,0.21967905830013498,24.23496871028795,15.264628557663114
0.8057715167307143,0.07914606466878203,0.21371236422673956,24.30973781010469,13.207732934945579
0.8032175538511033,0.08186050304290281,0.2439583603462503,24.95363036091191,10.6780841545398
0.8092828881829505,0.08053672773188351,0.20637740217221304,23.83375198949543,12.892085173152815
0.7952765042296839,0.08006423185551437,0.24599667218370314,25.16528887829616,13.998938370341051
0.8210495652033765,0.07815766462651956,0.17960103243832629,23.00953743816869,10.725488223197562
0.8140741542985831,0.0837055903398531,0.22826890427897287,24.110900948280058,12.416362639535535
0.8127477383651206,0.07858022974525629,0.20406876662321335,23.677214580137527,15.039301145231597
0.8072537043986519,0.0758890778337687,0.1864323741835405,23.7298547537343,12.81789463860052
0.8006602104716477,0.09022315407437553,0.33715386719476065,26.10821037383734,14.100490649493954
0.7950286261679508,0.09316826977541397,0.36476961675229214,26.398054557210536,14.816154101105115
0.8301304904188177,0.061859967721002905,0.1454238680202323,21.743629196333565,11.327063195482948
0.7972936088938288,0.08677652847321535,0.5017404847415897,27.47865262801359,13.801949481445373
0.805241784692594,0.08375722423436319,0.18698813177313145,23.283129873680416,11.483746374098832
0.8159038630550122,0.08024294719395608,0.23170690680464703,24.191854392147842,10.226250706239533
0.8191685694526271,0.09899370781824454,0.2620271625123237,24.13415204190152,11.661739860755494
0.7961704486964125,0.0677506302983512,0.2107884822149372,25.108255248722752,11.88111751744901
0.7881075744014009,0.08942761334035207,0.3087970567394395,26.163936241520144,10.074424598798856
0.7887291100751108,0.08661599983238592,0.3163217224002639,26.141506689690516,9.71851658112543
0.8118169317814851,0.08466941791347227,0.22194790482051766,23.942942637395962,10.62595358554639
0.8030095336514929,0.08488166369321981,0.22091518383612943,24.228057673293733,11.225869647619108
0.8131949989496363,0.07759859696698172,0.21816498773099102,24.425505117994227,11.61684608153342
0.7909968210783599,0.08210274261329564,0.2710165286596217,25.82717140586268,11.440742362079282
0.7920319292435095,0.07470213994855272,0.3026910670968373,26.58327326996509,13.70742673400535
0.7921123830755267,0.07908519539071725,0.22961289180399208,24.956625408673577,12.734976404695091
0.8173490598993957,0.08030563706737519,0.18859333561231278,23.165477529321745,11.297557787670478
0.8009443125190636,0.08366470513216157,0.3023713930403398,25.72675237288564,10.377215398876196
0.7969493913570805,0.07435390013252334,0.24553161725138647,25.6230398541262,10.519359511816285
0.7910035015617894,0.0943599360083468,0.2512285570646083,25.036470467634384,10.19588805125555
0.8085897138830916,0.07840583329580765,0.18932284887352094,23.520229428878462,13.504962352563776
0.7980046117957961,0.08170401214823621,0.3122126286939969,26.2640591824306,10.747135369986726
0.7910123866473885,0.09086906446370654,0.3732710888879987,26.488486052072812,13.008818038098818
0.8215595462620627,0.08313481125186424,0.2225394287957686,23.885812973600274,13.164019927565809
0.8149100227449017,0.08404772004360968,0.20397791984135696,23.462436369383074,18.442627575471715
0.8048532603847277,0.08711214313762271,0.3538572396238791,26.290552016556983,7.95670162061173
0.8027562584934536,0.0895262948940382,0.3613993016821524,26.217746263487804,6.191050534921776
0.7966316961268299,0.09266166619240875,0.3947915341361775,26.67991785444735,6.248435344461403
0.794987918422139,0.09449718659264386,0.425105542869842,26.36132871217399,6.122110419590456
0.7927231230306756,0.08953674712724388,0.39667411220987664,27.135447329914026,6.689941687759685
0.7903414121149542,0.08869893791919137,0.4719861710120619,27.772220591496147,7.311102067918202
0.816680905021453,0.08199020739360119,0.3029778697537478,25.182422560161122,11.396844815138019
0.8043082030452665,0.07947180937333728,0.22920195593766507,24.93950899789163,11.618272646589148
0.8090730451480772,0.08073224920448172,0.2340301742828,24.50154267395915,13.773823754244464
0.8095314662746533,0.08789976443149576,0.23478596332536888,24.45525282056461,14.965453157494013
0.8106851867584315,0.0791041814274405,0.20924214759235404,23.94282479029348,18.145944060477746
0.8111997149959098,0.08117160756966785,0.20671749818494156,23.783804749391805,15.284074319182952
0.8023330084851904,0.08727269831631884,0.2577497908900374,25.020154982602527,11.371863720591776
0.7966852349206792,0.07840997763989636,0.23663817697665032,25.273393185800288,13.726783626242495
0.8007171972169292,0.07699138972967419,0.26219869431024273,25.6685034100927,14.984878785334454
0.8099614008249026,0.08132498959320689,0.17245423111233413,22.82479521959834,20.317299953819923
0.8081452613215305,0.0792761492036301,0.1945475184619132,23.641484727320094,16.82544668293098
0.8095125681376365,0.07699240962866245,0.21468688186891086,24.29856673344309,10.589425399336475
0.812382756678979,0.07193628039930398,0.1755066308058043,23.505585196573676,13.357565383594139
0.8184241429895194,0.08009680316472727,0.21094330765236785,24.031915175884443,13.545422411194515
0.819231888569808,0.07664977832078208,0.18815471301620498,23.582046210407345,11.856606448955949
0.8076074680759582,0.07624166932241838,0.1685032355839616,22.832207523126762,10.304153423450192
0.812106576603268,0.07806458560323819,0.18130618503486065,23.316837571439443,11.71687894670369
0.8161376877572142,0.07489822497508482,0.20547208906949954,23.95370666675952,12.373863069451243
0.81963145492108,0.07913668344287539,0.20593436277195717,23.766720785857405,12.69648599064881
0.8218463714464117,0.07567275914149005,0.16204517734946028,22.241479618293234,8.674344905452823
0.8260980935118017,0.07501649391338418,0.16598003375791098,22.383120164042374,11.1581783155951
0.7945126269717939,0.0812644807267904,0.2424977909428152,24.997425126010725,16.54440801870441
0.7998098435662744,0.08777600270914786,0.34391711583377155,26.227703704617394,9.644418634888922
0.7995012129636964,0.08259847724544048,0.20274293982089622,24.248862161012298,10.663969619068235
0.8369413035770842,0.07445748494178774,0.17495184793209756,22.494739843504757,10.64610943326834
0.7933871621802249,0.07178636398929109,0.20988889239078032,25.02876205161928,10.948161278419779
0.7911983124876942,0.07220906312387809,0.2231014990655261,25.360102622450448,10.635900838066975
0.7891252266699953,0.07880553356290713,0.22900127301514553,25.030786498616337,8.988359334625418
0.7895640621330133,0.08918857631580303,0.2782983704518606,25.710587310483223,8.594049909988595
0.8015285240130532,0.08080449268747622,0.4084411111623685,27.085897555854817,15.873093466947504
0.8013740295027865,0.08315983249975571,0.4289138630938621,27.032931251581612,14.180455615064147
0.7940194693248404,0.08420300838537015,0.3845614984443502,26.853757096589042,12.952279752743845
0.7975357418917766,0.09087141622401394,0.4797410882586386,27.11475198314244,10.057604621566096
0.7992342113015594,0.08406717257923262,0.25176776094993947,25.101922865135,14.107883282256694
0.795854552238164,0.08853936223366853,0.29484339044801866,25.419910168704984,10.550240749384704
0.825853601535397,0.06900076855719295,0.16402827340470424,22.438967835504855,15.981228410417863
0.82604496883157,0.06039829700677011,0.13560447282372526,21.199498371450268,10.858804078144523
0.8196004809277296,0.07809409543810389,0.199676358371867,23.544237068376397,12.384266634476518
0.817186096118318,0.07973493118048712,0.17778094161413494,23.001220360863663,13.790261004004098
0.7989552262705554,0.08493173601577399,0.2433890081381657,25.060219668524788,13.595286769490773
0.8170293043184094,0.08013528359782729,0.19208865943044587,22.967646488779028,12.782480205114874
0.8042427589376399,0.07411703043149212,0.19062704924167073,23.710107804525844,13.094007869007712
0.8030857082155782,0.08993940359469221,0.2960484778803403,25.563440521263846,10.040523707282748
0.802279125328551,0.08705687354539894,0.34291796838237565,26.114704565371348,9.986728777606778
0.8144199276024632,0.0684774379908791,0.1745522816342313,23.2571287790018,14.488026452817982
0.8119330634573331,0.07176988852012293,0.1715469029464472,23.1972576921529,12.61348525115218
0.792550525567302,0.08609525247672312,0.27870682959036536,25.81860360987417,16.71238706896419
0.789998120376383,0.08503402234767211,0.2921141638516173,25.965840383406544,17.734828468420147
0.7919926121139313,0.08311996170824598,0.2872884072892901,25.949364294492266,16.859871931853082
0.7975272305590863,0.08573006215762383,0.28804068083772677,25.86988742337023,15.725706976956086
0.7983091776600151,0.0878290553295472,0.3209397556036588,26.01535410372065,12.623784811368512
0.8115179638087479,0.07232317339419192,0.17367249370958196,23.24407884946443,10.574547628206943
0.8044707278782204,0.0724511926605727,0.17194525844541125,23.4357465594101,7.136528106664781
0.8131142801135945,0.06545349776155532,0.17466394143133385,23.34342106239327,13.018522932924382
0.8101798450814811,0.06646583804194087,0.1771399851528272,23.44907689329744,12.759150238254641
0.8051225806072629,0.06436331336279145,0.14601082543653057,22.75583350316131,8.638263031007853
0.82131123336664,0.08691825402147016,0.22864204344364045,23.63261309663168,14.277801636520374
0.8168778653689837,0.08230134437201167,0.19975936742323866,23.376908697279713,12.887243790800039
0.8143772479695829,0.07899142677949005,0.18972643238013837,23.102189332295126,11.727470852093235
0.8191398469767446,0.08325456863846946,0.1907437418273974,23.14638710124397,12.544830492072402
0.8269139160276139,0.07354921801358925,0.1768944120681841,22.683105638490034,11.019977686850863
0.8149961361729258,0.07458438986018782,0.1604819064263715,22.554098585941,11.790012847671735
0.8178093671336207,0.08633772379214028,0.23058650856028545,24.005224443757594,11.982679934684903
0.8067568771776856,0.08092882296391486,0.20319536102192623,23.90456352664629,11.254253609289819
0.7915643436962612,0.08590642817435296,0.33266999955689147,26.600485063567568,9.354396902540191
0.7928015703627346,0.0835172950705762,0.2073219837337017,24.43921858688146,8.983168690466359
0.7916739848989702,0.08198793300153846,0.21545395966641165,24.57999387030826,9.295312299091497
0.7852644592460223,0.07911066460657946,0.21342202170765792,24.820394208605762,10.777498438210324
0.7978209782849884,0.08111339199819376,0.24201632843443177,25.01022826827293,12.736886431405907
0.8283034568101132,0.08718475744482124,0.2174909753870459,23.548704927725442,15.401249847626154
0.8142350179402001,0.07503349947678682,0.16954455576137228,22.98201414562392,9.797858798244723
0.8087162986942761,0.07674372465823803,0.1984566718551302,24.06526698921146,10.118934253461886
0.801906174782366,0.07394938489778918,0.186676335104597,23.956364683975377,12.300147312436613
0.8307317023287625,0.07032257763393923,0.15160670087681943,21.900317525593604,10.511374161283026
0.8302802415822513,0.07011059500931012,0.15902164449160547,21.885144063218235,10.518122848466756
0.823648265519664,0.07029861179213863,0.1597689411014173,22.46897108143568,11.441457242178439
0.8165815540883475,0.06761216280894712,0.15484988854498602,22.69736076719165,9.346550742651715
0.8207848872421857,0.07710760884777386,0.21344209561701855,23.8488234958482,9.399172108669395
0.798718311418641,0.07749938100865596,0.23160765699393462,24.72239590287289,14.026057350010332
0.8064483453159237,0.074486113796992,0.21133142443417646,24.388575046440966,10.469313672104144
0.8030297521979172,0.06349525608294133,0.1539259525629223,22.910504600219646,11.081334830306751
0.8004669650741791,0.06287859950802366,0.17285871239083386,23.96618532114605,10.581157762713431
0.799336647636261,0.07518741315260298,0.183308047840388,23.67417449201586,15.264695807371663
0.8151386014675777,0.08326027155060359,0.19122408571969696,23.24423811373111,11.50938326739126
0.8115699881139742,0.07587816001876914,0.19464506105639454,23.772617790927793,10.714406365098641
0.8290900205796814,0.06609191496236204,0.15040693235994743,22.012397460882006,14.92164939274783
0.8291961714502311,0.06860190539479018,0.15475227546125822,21.971031623948022,14.238372549957264
0.7806980570706957,0.09082202689570114,0.35145016372643734,26.69369471510792,8.389847980948481
0.8173371604873265,0.08387324134603398,0.2473930595218895,24.519837843813715,8.69869668934685
0.8206868310466121,0.08441047561047722,0.1858450274935112,22.78564741286371,11.103402592767491
0.8175781237348085,0.06018841444678864,0.15577440074732624,22.785842255159356,14.846811343034974
0.8043983289488182,0.09248141058435048,0.2916083886919221,25.225333306136815,11.13849616896035
0.8098545481525503,0.09248461652844953,0.3115240437458502,25.18015554264792,9.655347115833337
0.806781967500052,0.07919858596305682,0.2101942238314678,24.24684848626761,14.461539732599727
0.8012899279442214,0.07390000852162082,0.20679945301546482,24.41267470493294,15.018922852897937
0.8151747203171523,0.09409248642111233,0.26219713941064127,24.500031981870602,12.5620327620593
0.81051725999286,0.09325055151658464,0.24435150116872617,24.323383309321297,13.005169298008035
0.8111406013277462,0.09518674693404006,0.2551170681465935,24.305707108422784,13.324508704206208
0.8145115138857711,0.05964835118764258,0.1451852306427793,22.580825130123067,8.490727044749871
0.833559267175674,0.0697850006619439,0.15477766951797542,21.918630969050888,9.455480549135524
0.8237780976746972,0.06300283524404586,0.1529454544766923,22.133102802978602,11.509663400953732
0.8371380418332428,0.06548410097368998,0.14153285857838005,20.997449749299463,10.353106153935993
0.833869863201629,0.07086903300544227,0.14353743063018462,21.381026812821005,10.958592058732032
0.8060270385395424,0.06905081872142423,0.16563427292073932,23.123917878172957,13.415037006898007
0.8068362194837596,0.06953044158926501,0.18366010676373454,23.922979537757964,8.540658733749886
0.7993599895934,0.07723492665964168,0.2157599484655435,24.758331038283252,13.324935570643
0.7940943773895128,0.09044566344314431,0.30963893871317905,25.89569100772767,11.294251120811932
0.8042825023055558,0.07877212751737456,0.2638544373777413,25.434796632118296,14.527807999254934
0.8000836760600278,0.0848971228592114,0.257574684364487,25.17269544570437,17.088573551146887
0.8050494173953725,0.08161711584888494,0.27551561236140054,25.415284198189017,18.283622949242552
0.8221914255685677,0.07324334243141421,0.20129733538998418,23.64296592479677,10.271249399540206
0.8161253306646526,0.07926686538370423,0.19966254194225772,23.639671026829493,14.949548994562237
0.8105422909852495,0.07612446658448774,0.19126160051009897,23.77667016610104,12.629677143159938
0.8165067019294034,0.08165152307998327,0.21219156456251373,23.708911822910157,12.560821631544188
0.7981410239438268,0.07809448200069927,0.21035222151165983,24.53431054703757,15.49540917112955
0.8207442485625175,0.07771107494637688,0.18511918581366782,23.105703206375633,11.586824893425046
0.8111967958501637,0.07562049961059567,0.18728604952608513,23.50975557999899,10.281684912349109
0.8069830164619909,0.0744757418836689,0.1671481704465601,23.128059604443624,9.98739386422228
0.7974771733470076,0.07542265118646105,0.22612066604202874,24.803745197700167,12.401313703777548
0.7912712111854114,0.07569120049379216,0.2525740490331167,25.950181751805196,12.509690502359803
0.7892748854627393,0.0829330487605129,0.21886794670533086,24.579708942666496,11.69231013874472
0.7894726646263592,0.08248632613783544,0.21145908714358044,24.610349199953454,12.409612847995485
0.8056717227137908,0.07246663270235565,0.22713548787522297,24.838852440851458,14.963474829037096
0.7958685612459897,0.09569253061569742,0.27426802891157476,25.01723810452243,12.017156982154155
0.8102106764922701,0.08713115071430307,0.3376520376353825,25.904452743420403,11.160027778505986
0.8120154273907109,0.08590706752075361,0.2733038383249024,24.968860912763887,11.573709741406063
0.8006329100881594,0.08417090244545576,0.21801476845703915,24.309669774927144,21.196095061987858
0.8075086322285829,0.07969674037068906,0.18344390851970477,23.4670190454478,12.818961733464937
0.8029477374352135,0.08136789346258591,0.18987026180288416,23.617593515572338,13.223652152933413
0.8072778710753648,0.07549316560791214,0.19745521363303645,23.80093783710789,14.338649615409004
0.8231468071366215,0.0749469889884382,0.16652808766365304,22.439370491773445,16.167912626254484
0.791811650259846,0.08396005259162723,0.2636733873320159,25.50547817708373,13.119485815003504
0.7896093378836655,0.08675132320024907,0.23743266860519985,24.925956576758594,13.93394666604306
0.7965668508083983,0.07899161703541371,0.23018682793153852,24.940496734731415,11.789642077013632
0.81064573344954,0.08956034192989899,0.3253105233367363,25.567113588703013,12.48098603422626
0.7924932257947636,0.0832353444866876,0.37717776774970974,27.02043755867368,12.761440761277514
0.7917730679991895,0.0924218004578897,0.3496741531753372,26.31835369714513,7.262761346145327
0.8031407050143419,0.09018782853325852,0.3494494079078772,26.033672243158456,9.020635131520553
0.8025497182943918,0.09032937283530712,0.33413628873210777,26.058895334780683,9.162259315516911
0.7954723552944989,0.08133271003968827,0.23415407114312828,25.180847131896893,9.714781076329734
0.8071343039716627,0.07620594542511333,0.18326460573456682,23.53665788174646,13.63440239557162
0.7967855665548593,0.0793579652646456,0.27010632613938806,25.821335671918,10.52567768621816
0.8207450888088694,0.08147693703499685,0.1921938775931219,23.19241803430349,15.18127672119837
0.8071077603649659,0.08051777796008872,0.19644484322700534,23.841119299231856,15.149882259427967
0.8048575635065471,0.08098399500723626,0.23085902921839588,24.58235326061972,15.43314200357936
0.8158421855701252,0.08019423232485015,0.19433385569494854,23.378097293391228,13.082812926681653
0.8295064654901132,0.06761810343478547,0.16649784335292425,22.660670941953928,11.096537625960199
0.8058057798150144,0.07098481674065205,0.15602833475394012,22.475546839692875,13.002239117349387
0.7955064911442997,0.09657602622365342,0.37077078733245566,26.290538041296365,13.920267551639446
0.798559697147626,0.08955487151084501,0.4130609674294115,26.68803271542765,14.617653056124109
0.7892396086244672,0.08095018587896106,0.23932657123547296,25.15329388708668,10.677291469134397
0.7886259051164377,0.08144541857496394,0.22554531715984802,25.10461398347089,10.555041419030623
0.8093798410978774,0.08150811804801135,0.29344692141773177,25.49871498398761,9.772525724708164
0.7986504444942177,0.08610401541693599,0.22777114089893727,24.370799124885618,12.844609968699395
0.8310287800515537,0.0834085492418916,0.2548483986464935,24.06080662297652,10.967161584743259
0.8269821584106725,0.08051491230051573,0.20279068212468157,23.02299128828273,13.819439173119
0.8167661906877164,0.07791990038916886,0.2677889412549885,25.162650918777555,13.48526413884865
0.8151371428703427,0.079902312008823,0.27555643700104504,25.196624880701073,11.786895934303988
0.7878827848998533,0.07605951783707808,0.19880909772390634,24.664489116749273,15.201173227989523
0.8215443954070748,0.0872826579280763,0.2138096864210687,23.522814378251795,15.28531608374575
0.8241914816130527,0.06275153372624578,0.1470741127306145,21.963286154246024,10.987262421260887
0.8222039876151982,0.06261697025539313,0.1441935264772715,21.78412486433253,15.159427971928
0.8264530780463275,0.06328173186488265,0.1427781724185427,21.715709274701283,16.145108694464763
0.8256963699838754,0.06502981131916731,0.14498698891048103,21.91956829525763,14.82570730553919
0.8237147000653761,0.07115714690088044,0.1693362920546097,22.683094408849893,13.829945188463661
0.8169840220357282,0.06952509020806237,0.16268874843276981,22.94181782814134,15.483117782895095
0.8175420848614701,0.06764746005722018,0.1571247889870068,22.64506358732745,14.825151241732074
0.8042837814356655,0.08780714022340096,0.3113095461027456,25.694621609117135,11.050020899368597
0.8042149443575932,0.0770527544678015,0.2119913201749656,24.45483905243076,17.73623176580565
0.8132607552125166,0.08095485146554887,0.20990605511833021,23.96552569692844,18.18761546737486
0.79908464704621,0.08181465415338889,0.21028115779117185,24.39978578630858,12.016567871798625
0.8068677124445307,0.0880586199119127,0.2158604159999629,23.8924132962429,11.786736598186275
0.7962302308171852,0.08982652469151438,0.21187658637237977,24.155082100557063,9.622720919293386
0.7997833439033178,0.09470963877348003,0.2315251451916469,24.03369281063474,10.453741561188385
0.7945658250260668,0.08888430598529021,0.2558522728493491,24.910038521817444,10.202708453111144
0.8323399003842009,0.07213981537254546,0.1714883028574461,22.710202338422437,14.436484014326613
0.809210991189077,0.0701882706737047,0.16494404780098107,23.038877352915712,9.879323815060465
0.8034566859281532,0.08008287145388486,0.2484584593076741,25.025724169756046,16.252605450057448
0.8132743595622608,0.08109195664509534,0.19759116243016597,23.379309691126036,16.786575556124134
0.8141490972802881,0.06985831865536096,0.16397975607945156,22.728636779608014,12.274103628910694
0.8145321403361564,0.06935922644202812,0.16354243641642643,22.797212096252014,9.657100224186005
0.8172106033702147,0.07869718274136521,0.19405739228032207,23.368996914150987,9.06166481910564
0.8125649825178295,0.08372792344585966,0.22445328725037306,24.178990124318837,8.974356211057305
0.8117574910853017,0.08185475742571614,0.2508341397731175,24.7275174618889,6.4782068148174465
0.804145760110679,0.07988786325286466,0.2504063696467556,24.99998976772778,6.310749812546327
0.8021748815257109,0.07911438373992333,0.2111744325473251,24.42215641062995,6.568647927765984
0.8250871301426225,0.0826723420012951,0.20820623048797415,23.542203816975537,14.170167472730263
0.8058038831340572,0.06948200862391318,0.18859531022743659,23.992822269188334,9.05934394433714
0.8046910273478401,0.06957945148267126,0.17028554554904737,23.433295134439774,12.01337738124047
0.8138803467346961,0.07933875929780362,0.22041602989793993,24.20505943302698,16.920888673385733
0.8100066609338248,0.08051050503049402,0.19969393610833427,23.90603476270985,13.382460224423273
0.8252203097540572,0.08519973540434463,0.20881310468896302,23.245016558205457,11.624006237223364
0.8168192998719065,0.07318724013388127,0.16786717967767953,22.815194872768814,8.563943975787467
0.8342674428769844,0.07129204329111948,0.17914861009973676,22.655464716467115,11.11606222904209
0.8147442387192514,0.08097150267635864,0.1747234594794297,22.77787592160428,13.222622670877946
0.8244139201557656,0.08104319049390667,0.20722741926108043,23.311305811453433,13.287911766814393
0.8299127332389459,0.08027819391232106,0.21640719073934223,23.485494337623777,13.716466654156
0.7939649527918471,0.07795409954099158,0.19626732451178053,23.921964507856114,8.250736537451374
0.8053959642875684,0.07983297134176547,0.1865583394732846,23.40840077952724,7.957564649944514
0.817078849605642,0.08346771587001503,0.3101903160984013,25.502754053820478,10.856535552478343
0.8078082676965823,0.08754003863262276,0.3051470563981347,25.52709317251366,11.704285203350667
0.7898667321260106,0.09652783804878719,0.3898454191697237,26.428268619302713,8.545684765617901
0.7898719242389842,0.0878710129719233,0.4443787038813101,27.234468437269125,10.320792372198126
0.7961420499301456,0.06910816903070309,0.22302386147003384,25.261723564067427,11.477639228729645
0.796627812170762,0.07931564001635506,0.25534033775324894,25.420871582079357,13.346481893493719
0.7997240220674098,0.07953090669978195,0.23656172594265756,24.898213922253813,15.545419401173064
0.8069210802599069,0.07536152119843958,0.20224498920721645,23.887871475274892,10.545104644959434
0.8060345191640234,0.0867789831834447,0.2253290505483532,24.45950144830909,12.471566986833516
0.8143061276545286,0.08947402814588443,0.30335267340745015,25.137780152614546,10.191725925298224
0.8136750625952744,0.08885821204574595,0.30840821010326325,25.23932364420006,9.655855350915237
0.8079942559650028,0.0799236589167408,0.24541501040206273,25.084193644726337,10.984798873158917
0.8069156613266246,0.06542511719740172,0.14891362569630745,22.31222718328491,14.950675172614842
0.8106408603175805,0.06807058814886262,0.1632749547256358,22.908447922073037,10.6333129970801
0.8257098799308055,0.06415359412559302,0.16031421309239197,22.276325944679403,11.217862667515679
0.8185755902591606,0.08503494049970278,0.226518070091595,24.02878641935524,10.337351288730979
0.8063276319548518,0.08141241037264875,0.22428427713934965,24.43890002559905,9.863096571920213
0.8066319491026537,0.07213614429762237,0.15991664160828853,23.030376643784138,15.050618901591248
0.8246149431291357,0.08345889279410333,0.21267973872113688,23.680643271572745,12.11527010526278
0.8133137339990401,0.0697457886564492,0.1779788786791038,23.293936640127427,16.001032923056982
0.8058609216683927,0.07301746045036274,0.1749845113142357,23.408589857942648,15.966691278950313
0.811571485729804,0.07636374894244333,0.18317242352842533,23.379516530327127,15.850742680682002
0.8101807956554243,0.07977708886936798,0.2115659311483906,24.13189095980884,11.846785025259281
0.826811207001098,0.0812121621343959,0.21748113207620595,23.769740645151998,13.22685715335983
0.8259298565005277,0.07964618476770606,0.21958397455150194,23.689696932653014,12.98511173761391
0.7946881323217407,0.07901455933143162,0.260367374398527,25.5042489004512,10.44689032185313
0.7850249243382081,0.07858182329207207,0.29830845367095105,26.375069685623497,9.232758873336016
0.8117649501457084,0.08356476511351488,0.2698944957949722,25.05361329744191,10.507288595635737
0.7969533499835177,0.08101396525331614,0.20556253012196812,24.309484106744694,12.200450394773183
0.7937636471107048,0.08151583536318006,0.19456571397983402,24.154936251691165,12.288545893482432
0.8000839166104846,0.08284555332635539,0.2577066977760359,25.19146749651945,10.57331816386118
0.7997891935887532,0.07941504457882212,0.20030043143154397,24.12335008950014,10.30098316188719
0.8018591225673635,0.08336111321777585,0.24349772150474747,24.79387861018399,11.300953997675558
0.8174541358071399,0.07706355874314666,0.1901230306602482,23.2397699594936,6.82376707894849
0.8027602718039197,0.08341409895059856,0.23906977008861607,24.91046629416139,21.900295216538307
0.8029839840696388,0.07633418511997965,0.20176895233741643,24.040185215211256,6.953192698773668
0.8059829555346774,0.07772111044646483,0.22346476306260665,24.361343050469497,7.297286668089998
0.8112669411466217,0.0783346153756492,0.21052202069783618,23.85364459488934,8.078053126804022
0.8151814341441833,0.0892770624197642,0.2872017652294547,25.247514539533356,16.138793368546548
0.8036643379614166,0.08401485338302762,0.20839354546749714,24.180777825663785,16.462020740020048
0.8096843948207011,0.08070624257187609,0.2545938841336151,24.998418772107108,10.249275074841872
0.8216362202624683,0.08318014409487855,0.17815852593808215,22.426389038240984,19.632839215624788
0.8202485286867106,0.08360292906758231,0.1764962119078925,22.455251995885572,19.17336254567895
0.8202485286867106,0.08360292906758231,0.1764962119078925,22.455251995885572,19.17336254567895
0.8235767195424242,0.07833148097176448,0.18671272484672977,22.9334937518298,18.363433284675228
0.8155108476135898,0.07368876741598794,0.19125380869638478,23.37600790507746,13.52585082937608
0.8039897379998862,0.07848090372502839,0.1653644553832221,22.458461706860135,11.606366411750162
0.8011319629461996,0.07762014724945171,0.19771889637212386,23.746126318844606,10.337791134696984
0.806302101726951,0.07863098401194782,0.22645180166276088,24.509693882865374,13.035142624605864
0.7995870681162235,0.07564052274903192,0.21118329435495867,24.36078748605549,15.567433744005882
0.8178382190973121,0.08069825876551268,0.17638004933941648,22.577366248478615,13.559420601224321
0.8241377102112014,0.08012658419347625,0.1917905277523257,23.057591584336027,15.823187544528666
0.8191942815201531,0.0680735044702571,0.15977083979551152,22.598019760246434,14.018963327877731
0.8121848981748857,0.06677676364108698,0.14048316576088898,21.848460702932776,17.06185652545952
0.8212028927255812,0.06926224543852327,0.17790368813754398,23.127719096826407,16.224835917159496
0.820353291552711,0.07394936729679728,0.16502309859282477,22.40956747137836,13.239411598555238
0.8143960499766799,0.07373622100364557,0.17789406539334632,23.07795316115534,12.420027475848242
0.8175322485598697,0.07091629481579641,0.1863508447308812,23.443794531603604,12.94718251557759
0.8029862092878499,0.07439728851525038,0.17547380713442318,23.303793569283815,14.661283018221473
0.8208941836715736,0.08629538384530709,0.24180614464172753,24.170809034343044,15.574768439958357
0.8034710454048064,0.08113861551771304,0.1979460313093274,23.641842751714787,8.839029639258888
0.8027478942345155,0.07352046828138538,0.16983202767810984,23.340221862027644,12.21841970026579
0.8176664565733472,0.08236759687868146,0.18578210370370368,22.839000875483226,13.034612539346886
0.8087316504927006,0.07576311906722998,0.21480416696852983,24.300487552688566,19.465033023196757
0.8109062866846533,0.0736873298519742,0.22254978348897025,24.53652138882136,15.024361655066821
0.8172269140622379,0.08324401983100635,0.1908470287213685,23.014958444115493,14.384996767710971
0.8002221656839931,0.08023425468081896,0.2149278277593207,24.46106158523107,13.801426056560336
0.7954481821373895,0.07489046738681757,0.20977435328278685,24.665937318732382,12.562672964761422
0.8123244226992712,0.07269775649044057,0.20163342364170336,24.10958282066374,10.933648990318101
0.7956851577591136,0.07018754405829378,0.2132214134770633,24.914644121890344,8.76897679313683
0.7873675518471006,0.0931545203610059,0.31407830652575314,25.908780853486252,8.307234227438233
0.7903288891563052,0.09334662090419724,0.37665154758232827,26.55294444436254,9.566116218137964
0.8295638790703229,0.06323930821762472,0.15449824382012572,22.23006155846917,15.245708205152578
0.8247858442604085,0.07410485423410672,0.19236219105557478,23.32907720235395,8.784581113391841
0.830011018436067,0.07124917540558963,0.14426044390430548,21.294681785921043,8.834631610891524
0.824295120649569,0.08227317298390657,0.2162864159141697,23.596684877772223,16.191063846332796
0.8168455194735673,0.07052806484778015,0.16463777519990053,22.73221855555189,16.773574237734323
0.8173347689882617,0.06838058152323329,0.1588243272540456,22.61032267420453,17.235525784727294
0.8268559144997779,0.07294015966533433,0.1656587453200521,22.25598355226011,7.902037957067601
0.8002653420259256,0.07113898069966307,0.1623681820720773,22.949577681965767,16.6462156668576
0.8005921929552533,0.07146347818901777,0.1625187732432302,23.080419309008754,16.488822983180384
0.8061903729363314,0.07080075339616101,0.15963901183648976,22.71348463802714,15.861505113934282
0.8250262847172914,0.07383194870698898,0.17703970162669685,22.728779968262554,16.020145603526135
0.8209062139131401,0.06868354892237102,0.16965030219331878,22.735005805686598,11.998923714250147
0.8113592078754607,0.07273799003054243,0.20599760624521649,24.176878027060283,12.976466376648371
0.8190385502016234,0.08397881016597361,0.18133966957668443,22.907048011830156,15.180968821213254
0.8061188278341819,0.0844730612541279,0.2487058665580586,24.893975616035995,13.563715622557083
0.7959594105498002,0.07938706019780575,0.2102715436868068,24.501112245412816,16.434067631510164
0.8110583347707004,0.08966896317699372,0.2846117795418029,25.026596026110496,12.919578102611922
0.7999498828559201,0.07661207648816633,0.16443194865871702,22.825565309045192,14.263344480661857
0.7945659499406286,0.07810322502449465,0.19865788072299193,24.173499767441804,13.085739553168255
0.8088996282116028,0.0786657428117181,0.22018512037085194,24.508277800518652,10.499803951515545
0.8056188814967254,0.0831669294965162,0.2538749183722029,25.016139004152794,7.23505393611957
0.8072893255935214,0.08419307451170169,0.2934638078816583,25.504251131487113,15.606482344929217
0.8190857021961496,0.07058452334212062,0.18788218486120112,23.649970627371363,10.240969212126197
0.8172758775548159,0.07138878912351865,0.19990397566783275,23.827013570095446,11.52478730239895
0.8184812865103146,0.0725815498121275,0.19688221479675247,23.81219561836392,13.224192195572467
0.79781138502163,0.08224159271167403,0.24412581345935705,25.047116022568577,20.32105996447861
0.8047793820937812,0.08692529630973996,0.2667959651680087,25.017752198492662,12.403818623092608
0.800373338008667,0.08715769827317156,0.27597818869708607,25.33310919424035,12.253625345751358
0.7796093179444455,0.07754259095582099,0.2889382842758966,26.55514314934677,6.858715871853699
0.8158223108623448,0.0884983971671428,0.36838600946304334,26.211507313400496,18.595379867499442
0.8135904095067101,0.0855215511260093,0.3880910648077372,26.482064675550767,15.113129974158781
0.8122942199682995,0.08184632669478296,0.4244792485016434,26.887932537219466,14.80491144928544
0.802710074150466,0.08301492544212409,0.25571726796326055,25.20374421817521,13.267124222292868
0.8031220577798767,0.0822663099531083,0.2465815513136214,24.879898808895224,13.480728152279688
0.7977624957398284,0.08537488165697371,0.255679960228627,24.836284010961986,13.184297872524546
0.8000335704622558,0.08451568765244113,0.25116487225572803,25.228324242454736,13.582997199013546
0.8048995891619234,0.0848350627041147,0.24619589320875335,24.632738989141277,11.582650006720282
0.8101445297027375,0.07273425979745367,0.20677061720854095,24.41203818179472,12.635263304904054
0.7952292671202807,0.08158010951871136,0.225045969338476,24.75670749220299,10.716844797033337
0.7955549547810061,0.07923180481495194,0.29308059298140154,26.319546447202402,8.948217742758686
0.7925576126645437,0.09401971246454453,0.6622237890150189,28.03400452112644,9.479359036531278
0.8010947228686379,0.08013063751208223,0.19949023382249476,23.697299961188918,13.039941244188698
0.8117916461441234,0.07988461279502718,0.25498174380903926,25.297098291441145,14.052303372184806
0.8118049420906956,0.07866098127966697,0.2393374568206905,24.85911374378329,14.983954880742978
0.8124766167138158,0.08736899696009925,0.24206525998260386,24.446885707342588,12.936667417118187
0.8006765857996446,0.08630293165317868,0.3049136204583414,25.666030759904157,9.65285255996308
0.7877323826712848,0.08272346121144294,0.34549737737488184,26.898698849046283,8.302194985816993
0.7988693044264296,0.09258069472227388,0.46145264864068747,26.95566570395642,12.776612018351873
0.8046593910346347,0.08758738837233122,0.45958013848120965,26.7936331079671,11.949192686107926
0.7840185150367428,0.09007063511377658,0.36045459025118515,26.44349651698588,10.581912537176642
0.8176250631567934,0.08198413609794353,0.24341064577258292,24.363401539944775,10.281190844076523
0.8136489790767374,0.08197952334878912,0.22623722908053975,24.13749805503962,9.563070634909867
0.8220268027038278,0.0772768801767869,0.21432129691729723,24.073510236271517,9.69450166148328
0.8032122476766466,0.06761117849060218,0.15342518494459498,22.831842766087156,13.590463463572997
0.8189097524959237,0.0729958940349395,0.18373013671192176,23.393390475573064,13.071488181664243
0.8074748087550754,0.07086204190798681,0.16436585918392502,23.033371908717143,11.901151959136701
0.8170699819502754,0.09354125820235859,0.2945020107838559,24.825253324208273,11.761233191028284
0.7912317521018313,0.07810314720021211,0.2189506094563978,25.158669761684507,8.99285944354803
0.7944765479866623,0.0835958571872533,0.22739844198081144,24.942636764117122,10.447709376749815
0.80800596801514,0.08571902270672453,0.32251670999243115,26.060858463337436,9.375851692099367
0.8061524054940671,0.08432516849435037,0.25764803125832875,24.841157357759965,13.695646184918907
0.7983824515613357,0.08469099361400703,0.2651619606272655,25.524016379183145,12.463139525670867
0.8223727850391077,0.08106774049867928,0.2304289942220514,24.297538347681442,10.750477955921406
0.8231563043770953,0.08358293583653202,0.17495635549587846,22.312074180419373,6.3458775543060675
0.8215904192508787,0.08097581041964029,0.17103349432846474,22.24569701024571,6.959725821568805
0.8071425382730565,0.08479704554847184,0.2631001522788616,25.13254266085071,10.269684518597685
0.7948500353678101,0.07516785492392813,0.22214367883860633,24.895278148805023,11.200590290057457
0.7891892420806907,0.07937400099934265,0.19468892689388975,24.13398291767279,11.40714432415317
0.8250981295859311,0.0747430631683969,0.2076695126767081,23.750538668843163,12.527845478196715
0.8252984854247677,0.0766762627681755,0.20452579697800283,23.617388481265532,11.695008778124054
0.8177233626344174,0.08436805674795853,0.19949736571467253,23.110787049061685,16.63418939345454
0.8220545829329329,0.07512154405517708,0.18893426201258062,23.276684303661238,16.265352246070844
0.8171246488196894,0.06564372366589032,0.16557902942736447,22.95777728370387,10.684301916607055
0.8239939452810401,0.06634915158245892,0.15253017680730116,22.016620178567294,12.828271380528374
0.8307078497942613,0.06639946855274197,0.14110666252114418,21.327140229492727,12.417148230715082
0.8418554086170646,0.06367084511966445,0.14801084092157304,21.495514540000173,12.184312571971885
0.7959756592091737,0.08083118785753592,0.21945436138714824,24.776737237046774,11.777921556876553
0.8021235409994708,0.0770200262505226,0.2306502796728681,25.090878886847392,14.025006239232516
0.79692282427751,0.07861153923585158,0.2217715614038597,24.876621934061447,14.051250127539577
0.8089682719831142,0.08478281700577592,0.23832890929022288,24.379462999138457,12.850337207691515
0.8057821245519667,0.0679456266081822,0.15478211031359188,22.559346207330453,12.881256700663531
0.8280974592069885,0.08160544579059237,0.16908891749089833,22.10426993200131,11.302519483585119
0.8259352151535125,0.07613857919310303,0.18381036574110304,22.87193420349001,13.429483564701282
0.8222152963617746,0.08480953441769024,0.1887079975451402,22.688610985300052,9.696031986059172
0.8188503017093894,0.08200152224489944,0.19902983172031002,23.377352156992043,10.025390203992714
0.8157290543490485,0.08979383463318132,0.1996642553297674,23.162316545614665,10.244294041763961
0.8171168535188862,0.08385962188247587,0.20362388407207943,23.402848288206364,11.09098190173982
0.8068094745083152,0.07431705005057626,0.1985672878971412,24.112975863446344,11.571349637415386
0.8106271909789311,0.0747339166417925,0.2225387279948575,24.57676636209233,11.529717746436262
0.7894021004531392,0.07720768465490668,0.20013417982577528,24.469481605618288,15.914187986620195
0.800158563906074,0.08350180802809129,0.2596324450924587,25.243181344195595,15.907153027761485
0.802849021542127,0.08415510442478294,0.2694271252917117,25.373913773245818,15.677172525507917
0.8045555936297138,0.08687819230202803,0.26914839866010426,25.077662528240538,12.51869897156958
0.8086134227354899,0.0873988189035954,0.2356188332802488,24.200394337924017,12.465443977847823
0.823317418681728,0.07400409464219491,0.2153514815593391,23.932817691666763,9.323806153447673
0.813409595467457,0.07321616405133233,0.15727256930512207,22.479054869870918,7.4596719851150475
0.7997936852003122,0.07269742734132068,0.16704035585835453,23.297520698810892,9.197606433917677
0.8103563250691515,0.06907781054038593,0.17848981138090633,23.558227650112812,10.560986060894807
0.820130555334642,0.06740858796766748,0.1480175691757908,22.10184343638665,11.088361738348706
0.8001963818572827,0.0828591473888957,0.22747799190273024,24.449714365545205,13.577580661454787
0.7970970488781735,0.07947236347870165,0.2238051542002214,24.843480479107285,15.742289955443413
0.8027728047976813,0.07993899123157289,0.22719685007517385,24.533616487363105,14.275717176394792
0.8143702203201634,0.08112241137542592,0.2341657817198091,24.297587347226862,16.738882448604432
0.8004256416522377,0.08454714814677095,0.25145113996921914,24.859553626875126,17.323147300108676
0.8164494753470454,0.07452250809036103,0.1711303957058001,22.574556285344006,9.332009079347921
0.8204904888664363,0.07337049938476903,0.18056146500186704,23.349845974250446,9.516771638330866
0.8047489095092023,0.08539711062329182,0.2653103303134099,24.96655854487959,17.494527280518362
0.7932368494046076,0.08407255491602114,0.25188999755526403,25.19670082440655,14.695301713848368
0.8156793744368629,0.08218719689973424,0.20233736372839914,23.42396986502159,10.089071423285107
0.8079086912145086,0.07394914750043174,0.2005649522021669,24.197018139395595,9.94722639978277
